id,nimi,perenimi,email,car_make,car_model,car_year,car_price
1,Martin,Pettai,martinpettai@gmail.com,Zaporožets,f80,2022,200
2,sdd,fff,ssdfff@gmail.com,roller,hiinakas,2023,250
3,tsau,plau,tsauplau@gmail.com,hallo,jorss,1999,600
4,Sisile,Dowers,sdowers3@independent.co.uk,Isuzu,Axiom,2004,152515515.15
6,Orelee,Baggalley,obaggalley5@delicious.com,Dodge,Intrepid,1996,147316744.48
7,Theresa,Pittaway,tpittaway6@hugedomains.com,Volkswagen,Beetle,1967,148353075.99
8,Linnet,Richardeau,lrichardeau7@engadget.com,Ford,F-Series,2010,90059326.25
9,Lewie,D'Orsay,ldorsay8@economist.com,Ford,Taurus,1992,133570752.8
11,Gussi,Hubbucks,ghubbucksa@digg.com,Pontiac,GTO,1971,119510352.01
12,Rogers,Ickovic,rickovicb@apache.org,Chevrolet,Vega,1971,168983781.03
13,Lothario,Tague,ltaguec@yahoo.com,Honda,Ridgeline,2011,94793226.82
14,Ailey,Jorge,ajorged@blinklist.com,Ford,Contour,2000,90087348.16
16,Madonna,Drought,mdroughtf@networksolutions.com,Acura,NSX,2000,124202677.81
17,Olympie,Bissell,obissellg@fastcompany.com,Mercury,Capri,1994,111754162.66
18,Nora,Mongeot,nmongeoth@forbes.com,Toyota,Tacoma,1995,157405999.61
19,Felice,Wolfenden,fwolfendeni@youtu.be,Mitsubishi,Sigma,1990,74319482.11
20,Caz,Dickie,cdickiej@woothemes.com,Audi,R8,2011,163904597.42
21,Berke,Enriquez,benriquezk@fda.gov,GMC,Yukon,1994,90418068.94
22,Mady,Rishworth,mrishworthl@ucsd.edu,Dodge,Ram Wagon B250,1994,166829009.19
23,Johnathan,Glazyer,jglazyerm@indiatimes.com,Mitsubishi,Diamante,2005,86820512.12
24,Colette,Pawling,cpawlingn@bbc.co.uk,Ford,F-Series,2009,156072629.53
25,Hallsy,Renzullo,hrenzulloo@a8.net,BMW,M3,2004,27195168.71
26,Tybalt,Dukesbury,tdukesburyp@wikimedia.org,Lexus,LX,2010,137196984.81
27,Tessy,Helleckas,thelleckasq@omniture.com,BMW,M5,2007,118473466.77
28,Nickie,Guntrip,nguntripr@ning.com,Kia,Spectra,2009,60378391.26
29,Crystie,Vasyutichev,cvasyutichevs@bravesites.com,Chevrolet,Suburban,2007,37186264.68
30,Alisun,Pablos,apablost@liveinternet.ru,Chevrolet,Prizm,2002,132085797.02
31,Deck,Hellwig,dhellwigu@dot.gov,Volkswagen,Routan,2012,67646255.08
32,Astrix,Brawson,abrawsonv@elegantthemes.com,Mercury,Mystique,1999,51927267.1
33,Moses,Bancroft,mbancroftw@hexun.com,BMW,3 Series,1998,157293465.89
34,Loise,Wiffen,lwiffenx@dedecms.com,GMC,Envoy,2004,171678504.56
35,Lynsey,McNab,lmcnaby@issuu.com,Dodge,Ram 1500,1999,2070191.93
36,Markus,Bedinham,mbedinhamz@hostgator.com,Lexus,ES,1989,162410711
37,Neill,Mixworthy,nmixworthy10@gnu.org,Mercedes-Benz,C-Class,2012,173482569.72
38,Giavani,Barense,gbarense11@cisco.com,Chevrolet,Express 1500,2012,179649638.73
39,Paco,Dayborne,pdayborne12@jiathis.com,Mazda,Tribute,2002,191822314.44
40,Charmaine,Verbruggen,cverbruggen13@amazon.com,Toyota,Paseo,1996,166909494.66
41,Barnie,Jurries,bjurries14@nbcnews.com,Hummer,H1,2003,129298959.63
42,Demott,Ovenell,dovenell15@ihg.com,Mitsubishi,3000GT,1998,148312863.41
43,Upton,Merrett,umerrett16@51.la,Ford,Windstar,2003,148725738.62
44,Gusella,Dishman,gdishman17@home.pl,Plymouth,Acclaim,1993,124630834.12
45,Evangelina,McGreil,emcgreil18@slideshare.net,Acura,Legend,1987,130357977.01
46,Grace,Cawdery,gcawdery19@samsung.com,Chevrolet,Silverado 2500,2002,104969472.86
47,Riley,Verni,rverni1a@apple.com,Chevrolet,Avalanche,2006,10908960.29
48,Gino,Midgley,gmidgley1b@nasa.gov,Nissan,Titan,2011,168320668.94
49,Brooks,Adnet,badnet1c@tinypic.com,Audi,A8,2004,46361096.27
50,Karna,Sutherns,ksutherns1d@newyorker.com,GMC,Savana,2009,41732023.52
51,Howard,Espina,hespina1e@va.gov,Mercedes-Benz,SL-Class,1999,62490926.75
52,Elenore,Leighfield,eleighfield1f@usnews.com,Volkswagen,New Beetle,2006,31817497.67
53,Elane,Pitrollo,epitrollo1g@twitter.com,Ford,Crown Victoria,1996,9503720
54,Pip,Yakovlev,pyakovlev1h@alibaba.com,Mercedes-Benz,SL-Class,2011,14352478.55
55,Nap,Adenet,nadenet1i@xing.com,Mitsubishi,Challenger,2004,104885875.69
56,Timmy,Drewes,tdrewes1j@bbb.org,Toyota,Prius,2004,224793.43
57,Corabel,Crennell,ccrennell1k@thetimes.co.uk,Mazda,Mazda5,2010,88664233.62
58,Twila,Wolfinger,twolfinger1l@sogou.com,Mazda,MX-5,2008,40406707.2
59,Pam,Cadney,pcadney1m@examiner.com,Mazda,Mazda5,2007,46867640.22
60,Jordain,Bill,jbill1n@booking.com,Suzuki,Grand Vitara,2000,87904970.59
61,Tova,Abraham,tabraham1o@auda.org.au,Lotus,Esprit,1985,63824829.47
62,Shelba,Derill,sderill1p@amazon.co.jp,Maybach,57,2006,120051888.26
63,Harrietta,Joskowicz,hjoskowicz1q@ask.com,Chevrolet,Express 1500,2009,151005350.83
64,Berne,Godmer,bgodmer1r@uol.com.br,Porsche,911,1986,154005806.52
65,Ancell,Ivanichev,aivanichev1s@purevolume.com,Toyota,Celica,1996,76209461.16
66,Marla,Colliber,mcolliber1t@live.com,Dodge,Journey,2012,131857718.36
67,Uri,Whelband,uwhelband1u@uol.com.br,Mercedes-Benz,M-Class,2011,50487097.95
68,Mendel,Suter,msuter1v@cnn.com,Daewoo,Leganza,2002,103562614.35
69,Sidney,Quantrell,squantrell1w@economist.com,Lotus,Exige,2005,53172633.14
70,Robinia,Ashness,rashness1x@feedburner.com,Nissan,Sentra,1991,141838408.59
71,Lemuel,Sleath,lsleath1y@seattletimes.com,Acura,TL,2011,20705116.58
72,Karry,Lawtie,klawtie1z@phpbb.com,Toyota,Corolla,2001,166432316.17
73,Corry,Kenzie,ckenzie20@prlog.org,Nissan,Altima,2013,93821592.57
74,Traver,Alvey,talvey21@cloudflare.com,Toyota,Yaris,2008,91009950.83
75,Kaye,Hourihane,khourihane22@cdc.gov,Chevrolet,Malibu,2007,184972264.79
76,Karlie,Purvis,kpurvis23@scientificamerican.com,Toyota,Celica,1994,157164748.27
77,Claire,Lerhinan,clerhinan24@examiner.com,Mercedes-Benz,190E,1992,22344022.55
78,Naomi,Wenman,nwenman25@amazon.de,Jeep,Commander,2009,15594321.2
79,Susy,Outram,soutram26@cisco.com,GMC,Envoy XL,2004,140289782.21
80,Eyde,Sutch,esutch27@amazon.co.uk,Chevrolet,Tahoe,1999,9061401
81,Kimberlee,Tooth,ktooth28@dell.com,Saab,9000,1987,156238576.09
82,Normie,Leale,nleale29@constantcontact.com,Pontiac,Daewoo Kalos,2006,8310989
83,Rick,Farebrother,rfarebrother2a@state.gov,Honda,Civic,2004,34549681.03
84,Madge,Fackney,mfackney2b@dropbox.com,Dodge,Magnum,2008,109830304.88
85,Wilfrid,Badder,wbadder2c@soup.io,Ford,Probe,1994,24869821.1
86,Ethe,Lindegard,elindegard2d@i2i.jp,Audi,4000,1987,134276492.43
87,Emma,Dukes,edukes2e@businessinsider.com,Buick,Electra,1986,163092882.19
88,Cosette,Eaglesham,ceaglesham2f@pagesperso-orange.fr,Chevrolet,Silverado,2002,170473553.96
89,Javier,Davidou,jdavidou2g@live.com,Mercedes-Benz,GL-Class,2009,23664923.64
90,Gibb,Arguile,garguile2h@imdb.com,Dodge,Charger,2006,145401889.58
91,Keith,Joddins,kjoddins2i@google.nl,Pontiac,Bonneville,1993,106889408.69
92,Frederico,Matchett,fmatchett2j@de.vu,Dodge,D150 Club,1992,130144107.4
93,De,MacKartan,dmackartan2k@paginegialle.it,Ford,Ranger,2002,91747045.03
94,Mae,Sebire,msebire2l@census.gov,Volvo,V50,2005,26815365.09
95,Horst,Bourner,hbourner2m@friendfeed.com,Chevrolet,Monte Carlo,1999,146961078.5
96,Hetty,Grumley,hgrumley2n@bandcamp.com,GMC,Safari,2001,51807668.45
97,Karrie,Penhalewick,kpenhalewick2o@comsenz.com,Kia,Forte,2011,58644640.54
98,Conny,Heeley,cheeley2p@state.tx.us,Ford,Escort,1997,124429746.91
99,Sidney,Robak,srobak2q@mtv.com,Ford,Ranger,2005,6547498.22
100,Dominica,Coslitt,dcoslitt2r@about.com,Acura,Legend,1992,17826810.82
101,Dori,Abel,dabel2s@state.tx.us,Mitsubishi,Lancer,2004,59834555.89
102,Darnell,Grice,dgrice2t@tinypic.com,Infiniti,Q,2000,177468151.68
103,Staford,Beddoe,sbeddoe2u@engadget.com,Kia,Optima,2012,126004289.57
104,Trudey,Nisot,tnisot2v@ovh.net,Maserati,Quattroporte,2006,78926678.38
105,Paulie,Balser,pbalser2w@cbc.ca,Citroen,XLR,2009,76000548.65
106,Wolfgang,Minihane,wminihane2x@seesaa.net,Suzuki,Equator,2010,194010422.84
107,Annabell,Lambourn,alambourn2y@howstuffworks.com,Saturn,Outlook,2010,155738330.72
108,Odo,Firidolfi,ofiridolfi2z@howstuffworks.com,Buick,Skylark,1989,38281091.74
109,Shirl,Eburah,seburah30@amazon.de,Jaguar,XJ Series,1997,40019001.89
110,Armand,Judgkins,ajudgkins31@upenn.edu,Chevrolet,Venture,2005,57240514.39
111,Vasily,Snowsill,vsnowsill32@washington.edu,Chevrolet,3500,1994,198074645.37
112,Tasha,Philippon,tphilippon33@state.tx.us,Chevrolet,Lumina,2000,171654192.44
113,Buffy,Weyland,bweyland34@theglobeandmail.com,Mitsubishi,Eclipse,2011,153546213.28
114,Francene,Hullock,fhullock35@utexas.edu,Mercedes-Benz,GLK-Class,2011,47501965.79
115,Dru,Lapslie,dlapslie36@bigcartel.com,BMW,X5,2002,142736462.66
116,Berna,Kingstne,bkingstne37@quantcast.com,Chevrolet,Silverado 1500,2006,197359039.54
117,Cari,Saurin,csaurin38@salon.com,Aston Martin,V8 Vantage,2007,82846421.41
118,Paxon,Witchard,pwitchard39@dmoz.org,Kia,Amanti,2009,178927542.18
119,Jae,Dible,jdible3a@paypal.com,Ford,Thunderbird,1984,186926418.91
120,Jeremias,Hinstock,jhinstock3b@theatlantic.com,Jeep,Cherokee,1998,61604101.62
121,Kendrick,Washtell,kwashtell3c@unesco.org,Ford,Torino,1970,139303276.44
122,Agnese,Morrid,amorrid3d@bloomberg.com,Honda,Civic,2006,73989509.64
123,Ellsworth,Sapseed,esapseed3e@webnode.com,Dodge,Durango,1998,173512554.4
124,Giorgia,Kegley,gkegley3f@oracle.com,Mercedes-Benz,CL-Class,2000,111777398.01
125,Felix,Fradgley,ffradgley3g@moonfruit.com,Honda,Insight,2002,44555371.54
126,Barris,Hardison,bhardison3h@plala.or.jp,Dodge,Ram Van 2500,1995,162373444.4
127,Alfy,Pattenden,apattenden3i@addtoany.com,Ford,E-Series,2007,58682338.61
128,Dusty,Mullin,dmullin3j@senate.gov,Mercury,Tracer,1988,127316727.76
129,Yorgo,Itzhak,yitzhak3k@webeden.co.uk,Chevrolet,2500,1995,54310171.93
130,Tish,Rasor,trasor3l@aol.com,Mazda,Mazda3,2007,126776402.94
131,Verna,Chumley,vchumley3m@github.io,Citroen,DeVille,2004,12330166.75
132,Bee,Gheerhaert,bgheerhaert3n@desdev.cn,Ford,Escort,2000,54149178.12
133,Bing,Frotton,bfrotton3o@opensource.org,Lamborghini,Gallardo,2006,128220799.77
134,Jobyna,Dallander,jdallander3p@mac.com,GMC,1500 Club Coupe,1995,141368142.26
135,Faun,Schapiro,fschapiro3q@sphinn.com,Chevrolet,Impala,1994,6005917
136,Isobel,Dallmann,idallmann3r@digg.com,Nissan,Xterra,2001,52265167.28
137,Eamon,Drakeley,edrakeley3s@last.fm,Buick,Century,2004,191734717.82
138,Cher,Wandrack,cwandrack3t@ycombinator.com,Mazda,B-Series,1996,16988415.82
139,Margarethe,Heggadon,mheggadon3u@de.vu,GMC,Jimmy,1993,161580735.81
140,Wayne,Sagrott,wsagrott3v@vimeo.com,Jeep,Liberty,2012,163704425.42
141,Matthus,Willers,mwillers3w@zdnet.com,Honda,Element,2006,25847807.11
142,Geri,Bankes,gbankes3x@rakuten.co.jp,GMC,Yukon Denali,2006,16420493.45
143,Alice,Elt,aelt3y@bizjournals.com,Mercedes-Benz,CLK-Class,2006,123531665.68
144,Jaynell,Maine,jmaine3z@time.com,Chevrolet,Malibu,2008,161132238.39
145,Britt,Dudley,bdudley40@berkeley.edu,Acura,TL,1998,73261987.28
146,Bill,Brandacci,bbrandacci41@last.fm,Subaru,Outback,2004,78254823.65
147,Haskel,Danaher,hdanaher42@squidoo.com,Infiniti,J,1994,123553515.97
148,Cleveland,Perview,cperview43@uiuc.edu,Hyundai,Veloster,2013,22876955.18
149,Annabel,Edmett,aedmett44@instagram.com,Chevrolet,Camaro,1969,126720315.39
150,Valentijn,Kluss,vkluss45@tumblr.com,Toyota,Echo,2004,156411496.49
151,Vick,Guillerman,vguillerman46@weebly.com,Volvo,S40,2006,55049829.5
152,Lelah,Saurin,lsaurin47@ustream.tv,Porsche,911,1988,82791378.63
153,Shep,Dun,sdun48@sitemeter.com,Chevrolet,Sportvan G30,1996,171186232.6
154,Ambrose,Lambourne,alambourne49@timesonline.co.uk,Audi,A5,2012,52159698.24
155,Karine,Gadman,kgadman4a@mysql.com,Subaru,Outback,2003,142364841.54
156,Bronnie,Wilcocks,bwilcocks4b@acquirethisname.com,Lamborghini,Countach,1988,93917666.08
157,Halley,Yanele,hyanele4c@tripod.com,Lexus,SC,2006,167512127.8
158,Mercedes,Perotti,mperotti4d@ted.com,Mitsubishi,Truck,1995,99014763.72
159,Averyl,Churchley,achurchley4e@springer.com,Chevrolet,Suburban 2500,2010,43429036.84
160,Glenda,McKibben,gmckibben4f@mashable.com,Chevrolet,Tahoe,2009,123536876.3
161,Bronny,Basezzi,bbasezzi4g@opera.com,Buick,Roadmaster,1996,29910745.47
162,Pattie,Mickleborough,pmickleborough4h@sitemeter.com,Chevrolet,Silverado,2002,133659833.65
163,Constantia,Jados,cjados4i@umn.edu,Mitsubishi,Galant,1990,75487041.93
164,Red,Tack,rtack4j@chronoengine.com,Dodge,Ram 2500,2002,159954531.25
165,Giustina,Watkins,gwatkins4k@biglobe.ne.jp,Buick,Regal,1999,50625489.65
166,Catlin,Hugo,chugo4l@unesco.org,Mercedes-Benz,C-Class,2002,135246492.51
167,Skyler,Cunio,scunio4m@ask.com,Land Rover,Range Rover,2004,99017464.81
168,Brittan,Lesaunier,blesaunier4n@usa.gov,Dodge,Durango,2008,179771355.28
169,Elane,Bolingbroke,ebolingbroke4o@vkontakte.ru,Mitsubishi,Galant,1986,5509422
170,Valerie,Newbery,vnewbery4p@smugmug.com,Chevrolet,G-Series G30,1995,57799202.18
171,Cahra,Qualtro,cqualtro4q@slideshare.net,Mercedes-Benz,SL-Class,2012,99560998.25
172,Redd,Fidal,rfidal4r@kickstarter.com,Ford,Aerostar,1993,145420919.61
173,Jacquenetta,Terbeck,jterbeck4s@mtv.com,Infiniti,G,2009,95821526.37
174,Sallyanne,Bisp,sbisp4t@fc2.com,Dodge,Charger,2012,156454087.29
175,Cassandre,Earle,cearle4u@examiner.com,BMW,8 Series,1992,166990192.78
176,Carolina,Galiford,cgaliford4v@alibaba.com,Honda,Fit,2012,163281509.29
177,Andros,Simister,asimister4w@hexun.com,Audi,Q5,2012,139495709.24
178,Aime,Lalonde,alalonde4x@indiatimes.com,Ford,EXP,1984,7974084
179,Benedikt,Sains,bsains4y@indiegogo.com,Pontiac,Firebird,1992,153417084.61
180,Hercules,Habard,hhabard4z@msu.edu,Mercury,Grand Marquis,1993,58620366.34
181,Doll,Broadwell,dbroadwell50@friendfeed.com,Audi,Allroad,2005,179261345.6
182,Inger,Hasselby,ihasselby51@de.vu,Mitsubishi,Chariot,1993,129441669.63
183,Johnathan,Cambling,jcambling52@msu.edu,Pontiac,GTO,2006,182189515.48
184,Cherianne,Lightoller,clightoller53@i2i.jp,Kia,Carens,2007,148753995.84
185,Bobbie,Daulby,bdaulby54@spiegel.de,Saab,900,1998,173315199.11
186,Magdalena,deKnevet,mdeknevet55@amazon.co.uk,Hyundai,Genesis Coupe,2010,54263554.74
187,Constantia,Leneham,cleneham56@newyorker.com,Aston Martin,V8 Vantage,2012,47069872.67
188,Rebecka,Fransewich,rfransewich57@cbc.ca,Audi,A4,2002,97547176.31
189,Leoline,Agdahl,lagdahl58@mapy.cz,Toyota,Celica,2000,27377502.61
190,Casper,Piper,cpiper59@ucoz.com,Mitsubishi,Pajero,2001,121514577.94
191,Christiane,Rainville,crainville5a@sphinn.com,Dodge,Ram Van 3500,2002,140552011.14
192,Urban,Marchington,umarchington5b@jimdo.com,Porsche,911,2005,152919241.45
193,Drake,Harrowsmith,dharrowsmith5c@soup.io,Panoz,Esperante,2007,170818935.24
194,Alisun,Colly,acolly5d@youtu.be,Buick,Skyhawk,1984,106091853.8
195,Bowie,Pavier,bpavier5e@prweb.com,Volkswagen,rio,1999,141894456.49
196,Dolph,Beech,dbeech5f@admin.ch,Mitsubishi,Galant,1989,63119036.18
197,Rob,Pauncefoot,rpauncefoot5g@uiuc.edu,Ford,Focus,2009,86200634.81
198,Millie,Arnson,marnson5h@phpbb.com,Ford,Escape,2006,132378653.67
199,Gardie,Suerz,gsuerz5i@rakuten.co.jp,Dodge,Colt,1992,76009707.89
200,Tad,Blanche,tblanche5j@sciencedaily.com,Chevrolet,Avalanche,2006,4520731
201,Farleigh,Hinchshaw,fhinchshaw5k@t-online.de,GMC,Suburban 1500,1992,91744939.86
202,Marga,Reiling,mreiling5l@wisc.edu,Ford,LTD Crown Victoria,1993,140585259.69
203,Arlana,Aspy,aaspy5m@columbia.edu,Chevrolet,Astro,2002,22608062.92
204,Anett,Rhymes,arhymes5n@aol.com,Mazda,MX-3,1996,11989521.1
205,Fremont,Sichardt,fsichardt5o@google.fr,Mercedes-Benz,G-Class,2004,135523574.36
206,Maura,Clemendet,mclemendet5p@pagesperso-orange.fr,Mazda,RX-8,2005,138513306.54
207,Buffy,Ellaway,bellaway5q@creativecommons.org,Mitsubishi,GTO,1991,20325329.98
208,Siusan,Carlet,scarlet5r@soundcloud.com,Ferrari,599 GTB Fiorano,2010,182347137.27
209,Aile,Dwelly,adwelly5s@examiner.com,Mazda,Miata MX-5,2003,97328380.15
210,Chucho,Glassup,cglassup5t@bigcartel.com,Chevrolet,Camaro,1967,26354604.47
211,Lennie,Janas,ljanas5u@admin.ch,Pontiac,Sunbird,1987,178256249.81
212,Maurizia,Conklin,mconklin5v@prweb.com,Saab,900,1993,180766977.74
213,Pansy,Pycock,ppycock5w@csmonitor.com,Audi,Quattro,1992,122796042.04
214,Zorina,Whitticks,zwhitticks5x@imdb.com,Ford,Excursion,2004,109297327.27
215,Austina,Rowles,arowles5y@alexa.com,Citroen,XLR,2004,68027940.28
216,Caye,Sarge,csarge5z@desdev.cn,Chevrolet,Uplander,2007,55417785.33
217,Gregorius,Willment,gwillment60@google.it,Mazda,Protege5,2003,188942277.3
218,Bernete,Lambie,blambie61@tmall.com,Mitsubishi,Lancer Evolution,2002,131728026.02
219,Vassily,Archdeckne,varchdeckne62@loc.gov,Eagle,Talon,1998,48676296.6
220,Teddie,Veale,tveale63@mlb.com,BMW,Z4,2004,21255444.33
221,Gabriel,Dismore,gdismore64@fastcompany.com,Mitsubishi,Tredia,1986,110677841.96
222,Shane,Costanza,scostanza65@printfriendly.com,Infiniti,G25,2012,75128572.53
223,Arleta,Mellhuish,amellhuish66@sciencedaily.com,Saturn,Aura,2008,187985460.71
224,Starla,Forcer,sforcer67@zimbio.com,Mitsubishi,Excel,1988,85380540.76
225,Binnie,Loughead,bloughead68@aol.com,Toyota,Previa,1997,128291725.65
226,Lilly,Mottini,lmottini69@reverbnation.com,Maybach,57,2003,122123505.04
227,Rollo,Nulty,rnulty6a@nymag.com,Toyota,Corolla,2007,135027344.89
228,Candra,Bolf,cbolf6b@phoca.cz,Jeep,Compass,2012,66555611.91
229,Marshall,Staley,mstaley6c@microsoft.com,Volkswagen,Cabriolet,1991,62461284.89
230,Marlene,Lawlie,mlawlie6d@opera.com,Plymouth,Acclaim,1995,35567475.55
231,Kiel,Grishechkin,kgrishechkin6e@bandcamp.com,Audi,Coupe GT,1987,886061.74
232,Conn,Davidovsky,cdavidovsky6f@tuttocitta.it,Buick,Regal,2002,176001803.02
233,Pauli,Bonsey,pbonsey6g@columbia.edu,BMW,8 Series,1994,91506628.45
234,Matelda,Barzen,mbarzen6h@va.gov,Honda,Accord,1984,83737491.3
235,Jacinthe,Streader,jstreader6i@fotki.com,Ford,Mustang,1992,180819339.71
236,Boniface,Matterson,bmatterson6j@com.com,Saab,9000,1986,13439157.83
237,Abby,Emblen,aemblen6k@cdbaby.com,Porsche,Cayman,2006,40821955.42
238,Estele,Semper,esemper6l@last.fm,Volkswagen,Cabriolet,1988,151674545.78
239,Minna,Westbrook,mwestbrook6m@devhub.com,Chevrolet,HHR,2009,68909670.2
240,Keelby,Piddlesden,kpiddlesden6n@macromedia.com,Honda,Civic Si,2003,49742795.92
241,Kirsten,Crossdale,kcrossdale6o@marriott.com,Acura,NSX,1997,49391781.45
242,Shirleen,Adelman,sadelman6p@apache.org,Dodge,Caravan,1998,187847814
243,Link,McEvoy,lmcevoy6q@de.vu,Chevrolet,Beretta,1995,47555368.01
244,Drake,Abeau,dabeau6r@blogspot.com,Volvo,V70,2008,21776793.42
245,Joella,Cuseick,jcuseick6s@prlog.org,Bentley,Continental Flying Spur,2006,91481447.45
246,Carolus,Van Schafflaer,cvanschafflaer6t@is.gd,Hummer,H3T,2009,14679772.41
247,Webb,Pieche,wpieche6u@mapquest.com,Buick,LeSabre,1994,192952517.95
248,Risa,Symcox,rsymcox6v@addthis.com,Dodge,Durango,2008,123180321.41
249,Karlene,O'Hoolahan,kohoolahan6w@eepurl.com,Maserati,430,1990,123232414.41
250,Thacher,Brayn,tbrayn6x@discovery.com,Ford,Focus,2012,86069618.05
251,Dalston,ducarme,dducarme6y@nih.gov,Jaguar,XJ Series,2001,73339398.63
252,Debra,Petrak,dpetrak6z@springer.com,Buick,Coachbuilder,1994,25038275.39
253,Orion,Lambkin,olambkin70@facebook.com,Pontiac,Trans Sport,1998,15831635.82
254,Cello,Blackstock,cblackstock71@mozilla.com,BMW,X3,2007,181215601.79
255,Florentia,Dubble,fdubble72@merriam-webster.com,Acura,NSX,2002,71187733.05
256,Cybill,McLeese,cmcleese73@wikia.com,Honda,S2000,2005,53664107.9
257,Arlena,Mc Harg,amcharg74@chron.com,Chevrolet,Tahoe,1999,97170955.13
258,Kameko,Gittins,kgittins75@zimbio.com,Volkswagen,Jetta,1985,189019817.29
259,Dix,Draysey,ddraysey76@ycombinator.com,Buick,Riviera,1998,191642619.07
260,Ambrosio,Mickleborough,amickleborough77@tumblr.com,Mitsubishi,Precis,1992,33919142.65
261,Sigismundo,Armes,sarmes78@bloomberg.com,GMC,Sonoma,2002,135709491.93
262,Sile,Hlavecek,shlavecek79@economist.com,Dodge,Ram Van 2500,2000,56857174.27
263,Nadine,Gailor,ngailor7a@nymag.com,Toyota,Tercel,1994,3660195.85
264,Vanny,Baddiley,vbaddiley7b@w3.org,Pontiac,Safari,1986,88565833.1
265,Alexa,Cramond,acramond7c@answers.com,Scion,xB,2010,57963813.37
266,Mallorie,Kinkaid,mkinkaid7d@usnews.com,Mazda,Tribute,2005,36708758.21
267,Jaquith,Exell,jexell7e@hostgator.com,Buick,Regal,1986,163378513.33
268,Lucian,Goodby,lgoodby7f@exblog.jp,Dodge,Nitro,2007,107551492.37
269,Washington,Morriss,wmorriss7g@rakuten.co.jp,Foose,Hemisfear,2007,194348334.28
270,Sholom,Mealham,smealham7h@tamu.edu,MINI,Cooper,2012,127904219.39
271,Philippine,Brahan,pbrahan7i@abc.net.au,Plymouth,Neon,2000,128087625.57
272,Wilmar,Aylmer,waylmer7j@state.gov,Subaru,Forester,2004,31471069.11
273,Jillie,Tutton,jtutton7k@thetimes.co.uk,Citroen,XLR,2005,11810425.71
274,Jaimie,Bynert,jbynert7l@uiuc.edu,Hyundai,Sonata,2006,120599611.03
275,Merrie,Matskevich,mmatskevich7m@dailymotion.com,Chevrolet,Malibu,2007,78242878.05
276,Kerry,MacKessock,kmackessock7n@discuz.net,Lexus,LS,1996,127687255.81
277,Brooks,Trahair,btrahair7o@technorati.com,Acura,Integra,1992,156980936.07
278,Colan,Denham,cdenham7p@hugedomains.com,Mitsubishi,Expo,1995,42586189.38
279,Margeaux,Wyche,mwyche7q@angelfire.com,Toyota,Avalon,2006,179785275.42
280,Schuyler,Victory,svictory7r@ameblo.jp,Citroen,Escalade EXT,2010,150229836
281,Sisely,Tegler,stegler7s@icio.us,Hummer,H1,2004,23079243.1
282,Rouvin,Popworth,rpopworth7t@canalblog.com,Oldsmobile,Cutlass Supreme,1995,45013063.37
283,Puff,Fomichyov,pfomichyov7u@kickstarter.com,Land Rover,Range Rover,2011,15927744.72
284,Prince,Rosa,prosa7v@paginegialle.it,Kia,Amanti,2005,169487096.96
285,Henry,Squirrell,hsquirrell7w@unblog.fr,Hyundai,Veracruz,2012,54462896.64
286,Ethelin,Staten,estaten7x@kickstarter.com,Hyundai,Accent,2002,73229903.58
287,Robbin,Kift,rkift7y@netlog.com,Mercedes-Benz,S-Class,2000,12986195.48
288,Bevon,Lanyon,blanyon7z@tripod.com,Renault,Alliance,1983,145104578.99
289,Anastassia,Wederell,awederell80@illinois.edu,Jeep,Cherokee,1994,180713526.93
290,Marjy,Regi,mregi81@trellian.com,Citroen,Seville,2000,82984044.84
291,Skye,Lynthal,slynthal82@webnode.com,GMC,Savana 3500,2004,177940041.86
292,Dian,Lorente,dlorente83@hc360.com,Jaguar,X-Type,2006,199004791.93
293,Neddy,Farnill,nfarnill84@behance.net,BMW,325,2005,41156189.47
294,Claudina,Luby,cluby85@domainmarket.com,Mercury,Monterey,2005,126276307.23
295,Brynne,Aspell,baspell86@shop-pro.jp,Nissan,Xterra,2000,90064004.4
296,Athena,McInility,amcinility87@apple.com,Nissan,Sentra,2004,174876159.48
297,Ted,Seven,tseven88@reference.com,Ford,Ranger,1999,183012910.05
298,Anastasia,Antonowicz,aantonowicz89@patch.com,Mercedes-Benz,Sprinter,2011,97082266.13
299,Elvera,Renowden,erenowden8a@sitemeter.com,Buick,Enclave,2011,111767647.6
300,Giulio,Duker,gduker8b@i2i.jp,Chevrolet,Avalanche 2500,2004,63485339.54
301,Angeli,Minchenton,aminchenton8c@feedburner.com,Audi,A8,2012,87310964.29
302,Phil,Seadon,pseadon8d@parallels.com,Suzuki,Swift,1994,51104333.41
303,Tommi,Hoofe,thoofe8e@zimbio.com,Audi,A4,1998,191436877.39
304,Bonni,Dow,bdow8f@netvibes.com,Nissan,Quest,2004,135897531.46
305,Arlinda,Demead,ademead8g@cafepress.com,Chevrolet,TrailBlazer,2005,107513550.32
306,Carmela,Iashvili,ciashvili8h@163.com,Chevrolet,1500,1995,184293720.55
307,Arron,Toomer,atoomer8i@dot.gov,Hyundai,Genesis,2010,63950247.65
308,Ray,McInerney,rmcinerney8j@tripadvisor.com,Mitsubishi,GTO,1998,61419794.61
309,Kelsi,Ebanks,kebanks8k@blogger.com,Chevrolet,Venture,2000,155511735.35
310,Colby,Webley,cwebley8l@cpanel.net,Toyota,Avalon,2008,124310483.44
311,Shellie,Pierri,spierri8m@umn.edu,Ford,Windstar,2000,42903086.09
312,Roby,Perkins,rperkins8n@dedecms.com,Ford,E350,2004,86609415.69
313,Caresa,Hallowes,challowes8o@ibm.com,Porsche,944,1991,197608217.32
314,Gaby,Seint,gseint8p@nsw.gov.au,Chevrolet,TrailBlazer,2006,73164936.14
315,Berkie,Westcar,bwestcar8q@mapquest.com,Pontiac,Safari,1988,5621464
316,Vyky,Le Count,vlecount8r@tiny.cc,Buick,Enclave,2011,155982155.74
317,Mirabella,Pepall,mpepall8s@bandcamp.com,Jaguar,XF,2011,11201600.36
318,Cindi,Ocheltree,cocheltree8t@mediafire.com,Mitsubishi,Galant,1998,123418623.28
319,Ninetta,Mordey,nmordey8u@amazon.de,Lincoln,Blackwood,2002,111339338.47
320,Erroll,Frankom,efrankom8v@bloglovin.com,Infiniti,QX,2007,38185768.15
321,Nicholle,Bonnefin,nbonnefin8w@tinyurl.com,Acura,NSX,2005,109173411.24
322,Merrielle,Gibbard,mgibbard8x@ted.com,Dodge,Caravan,2005,16005035.59
323,Berkie,Baudino,bbaudino8y@friendfeed.com,Toyota,RAV4,2003,106574700.01
324,Ilka,Walder,iwalder8z@ft.com,Mitsubishi,Chariot,1989,185048147.63
325,Giralda,Skae,gskae90@123-reg.co.uk,Dodge,D350 Club,1992,131088733.43
326,Roderich,Trevaskus,rtrevaskus91@edublogs.org,Subaru,Loyale,1993,130211155.36
327,Alta,Tooher,atooher92@people.com.cn,Infiniti,G37,2012,159119167.03
328,Thorny,Spaven,tspaven93@tinypic.com,BMW,X5,2001,116264249.28
329,Ingrid,Thomkins,ithomkins94@comcast.net,Dodge,Dakota Club,2006,25200650.47
330,Merill,O' Finan,mofinan95@cyberchimps.com,Citroen,XLR,2006,179245870.96
331,Kassie,Heath,kheath96@usa.gov,Chevrolet,Silverado 1500,2000,124775305.19
332,Flossy,Kryska,fkryska97@gmpg.org,Toyota,Sienna,2000,191823784.69
333,Francesco,Nern,fnern98@reverbnation.com,Nissan,Titan,2005,650914.98
334,Ingra,Rivel,irivel99@pagesperso-orange.fr,GMC,3500 Club Coupe,1992,59294958.92
335,Leola,MacAiline,lmacailine9a@domainmarket.com,Acura,Integra,1995,70966607.55
336,Sherry,Scardifield,sscardifield9b@facebook.com,Toyota,MR2,1992,141753321.24
337,Baudoin,Euston,beuston9c@wiley.com,Dodge,Ram Van 1500,2000,194891379.39
338,Stoddard,Flaherty,sflaherty9d@last.fm,Ford,ZX2,2001,159656536.98
339,Barbey,Schuricke,bschuricke9e@usda.gov,Volkswagen,Golf,2006,110323824.05
340,Drud,O'Deoran,dodeoran9f@istockphoto.com,Fillmore,Fillmore,1960,165446089.39
341,Kittie,Patry,kpatry9g@instagram.com,Saturn,Outlook,2007,106617785.53
342,Iorgos,McQuorkell,imcquorkell9h@baidu.com,Volkswagen,Passat,1985,110915997.38
343,Arty,Purviss,apurviss9i@imdb.com,Geo,Prizm,1994,68372039.16
344,Rayner,Shipperbottom,rshipperbottom9j@hugedomains.com,Nissan,Quest,1997,86549260.48
345,Domenico,Addyman,daddyman9k@hibu.com,Mitsubishi,Pajero,1999,15872730.23
346,Corney,Tewelson,ctewelson9l@symantec.com,Audi,A4,2004,105762314.09
347,Aurlie,Lashbrook,alashbrook9m@networkadvertising.org,Audi,Coupe Quattro,1990,104531116.44
348,Roz,Lynds,rlynds9n@ask.com,Hyundai,Santa Fe,2005,18942518.27
349,Dorey,Broxap,dbroxap9o@nydailynews.com,Dodge,Ram Van 3500,2001,26834387.79
350,Cassie,Colebeck,ccolebeck9p@microsoft.com,BMW,7 Series,1993,58494174.15
351,Waldo,Heffron,wheffron9q@prnewswire.com,Chevrolet,G-Series G30,1992,26816355.54
352,Jared,Sich,jsich9r@posterous.com,Honda,Pilot,2008,151538620.66
353,Darb,Downgate,ddowngate9s@java.com,Citroën,SM,1972,172393883.8
354,Valina,Crookshank,vcrookshank9t@miibeian.gov.cn,Buick,Rendezvous,2007,125994198.05
355,Judy,Veschambes,jveschambes9u@etsy.com,Scion,xB,2004,103503516.71
356,Tedra,Sterndale,tsterndale9v@posterous.com,GMC,Sierra 3500,2006,35164200.56
357,Gwendolin,Vern,gvern9w@yahoo.co.jp,Suzuki,Grand Vitara,2008,110745652.99
358,Nance,Casellas,ncasellas9x@deliciousdays.com,Porsche,944,1988,164657456.02
359,Libby,Criple,lcriple9y@loc.gov,Volvo,XC70,2010,190611419.34
360,Natalee,Arpino,narpino9z@harvard.edu,Maybach,57,2011,164499502.86
361,Augie,Atchly,aatchlya0@altervista.org,Ford,Expedition,2007,97493006.27
362,Valry,MacSweeney,vmacsweeneya1@oakley.com,Chevrolet,Colorado,2004,81986355.04
363,Georgianne,Beininck,gbeinincka2@telegraph.co.uk,Ford,Escort,1984,25007801.57
364,Julie,Crankhorn,jcrankhorna3@trellian.com,Isuzu,Hombre,2000,126769375.92
365,Trenton,Cheeke,tcheekea4@networkadvertising.org,Lotus,Esprit,2001,29286332.07
366,Parker,Witcomb,pwitcomba5@oracle.com,Jaguar,XJ Series,1994,198708386.32
367,Maxy,Denington,mdeningtona6@google.fr,Pontiac,Safari,1988,158910575.88
368,Phelia,Hartnup,phartnupa7@ftc.gov,GMC,Acadia,2007,38477366.12
369,Magdalena,Birchett,mbirchetta8@themeforest.net,BMW,M5,2002,84421761.73
370,Stephenie,Binks,sbinksa9@springer.com,Ford,F250,2006,23326896.1
371,Ninnette,Littlejohn,nlittlejohnaa@newyorker.com,Volvo,V40,2002,138891195.55
372,Romonda,Briffett,rbriffettab@wired.com,Dodge,Ram 3500,1995,56385520.47
373,Mycah,Christophers,mchristophersac@lycos.com,Nissan,Maxima,2009,90481027.17
374,Randie,Deerr,rdeerrad@symantec.com,Toyota,Tacoma Xtra,2003,58609773.69
375,Jeanelle,Enterlein,jenterleinae@themeforest.net,Eagle,Vision,1996,131523628.7
376,Joshuah,Dorrance,jdorranceaf@china.com.cn,Audi,Q7,2010,149082227.65
377,Hunter,Smeeton,hsmeetonag@sakura.ne.jp,Acura,TL,1995,47124665.63
378,Chance,Glawsop,cglawsopah@bbb.org,Saab,9-2X,2005,43127623.9
379,Dewitt,Leser,dleserai@sbwire.com,Ford,E-Series,1994,23141887.79
380,Georas,Wilman,gwilmanaj@fc2.com,Lexus,GS,2009,133247201.55
381,Tomlin,Viles,tvilesak@youtu.be,Aston Martin,DBS,2012,143485916.08
382,Cindy,Antoni,cantonial@histats.com,Chevrolet,Lumina,1994,52996483.83
383,Honoria,Fogarty,hfogartyam@instagram.com,Subaru,Forester,2002,31134679.7
384,Harlene,Barents,hbarentsan@mail.ru,Lamborghini,Reventón,2008,71946899.06
385,Lorrin,Balme,lbalmeao@networkadvertising.org,Chevrolet,Impala,2008,182619225.69
386,Reggie,Tedstone,rtedstoneap@marriott.com,Acura,Integra,1994,190104720.53
387,Wrennie,Jahnig,wjahnigaq@rediff.com,Mercedes-Benz,SL-Class,2007,99182896.78
388,Demetri,Brotherhood,dbrotherhoodar@apache.org,Mazda,B2000,1985,25757915.45
389,Arne,Pinckney,apinckneyas@soup.io,Volvo,XC60,2010,160561086.96
390,Tirrell,Collingdon,tcollingdonat@phoca.cz,Chevrolet,Express 3500,2012,5469988
391,Brianne,Buckeridge,bbuckeridgeau@guardian.co.uk,Nissan,Sentra,1995,153574931.07
392,Kermit,McRonald,kmcronaldav@berkeley.edu,Mazda,Mazda5,2010,96197822.09
393,Alysia,Cure,acureaw@goo.gl,Scion,xB,2012,140372627.98
394,Sula,Ghiroldi,sghiroldiax@google.ru,Suzuki,Grand Vitara,2008,87305353.51
395,Keriann,Castella,kcastellaay@i2i.jp,Buick,Skyhawk,1986,183014077
396,Danni,Sim,dsimaz@marketwatch.com,Mercedes-Benz,SL-Class,2007,128950236.31
397,Elnora,Lasseter,elasseterb0@bloglovin.com,Mazda,MX-5,1990,18253200.37
398,Theressa,Ducker,tduckerb1@histats.com,Citroen,DTS,2008,109559521.81
399,Maisey,Tax,mtaxb2@engadget.com,Citroen,DeVille,1995,144793515.33
400,Corty,Hise,chiseb3@yellowbook.com,Scion,xA,2004,58741097.43
401,Verile,Walthall,vwalthallb4@studiopress.com,GMC,Envoy,1999,192569281.01
402,Chrissie,Gyenes,cgyenesb5@japanpost.jp,GMC,Yukon,2008,59502980.11
403,Laurie,Raper,lraperb6@yelp.com,Infiniti,I,1996,173707591.22
404,Briney,Kibel,bkibelb7@addthis.com,Mercedes-Benz,300SD,1993,52213246.15
405,Phelia,Gristock,pgristockb8@ustream.tv,Hyundai,Sonata,2005,106793316.04
406,Sibylla,Pavey,spaveyb9@themeforest.net,Maserati,Quattroporte,2009,166734433.47
407,Hyacinthie,Amberg,hambergba@naver.com,Mercedes-Benz,E-Class,1998,80563435.93
408,Randene,Heakins,rheakinsbb@ucla.edu,Volkswagen,New Beetle,2008,15651926.45
409,Emelina,Franckton,efrancktonbc@altervista.org,Isuzu,Rodeo,1998,45920867.61
410,Eileen,Writtle,ewrittlebd@barnesandnoble.com,BMW,6 Series,2006,158267172.83
411,Sheff,Skeat,sskeatbe@privacy.gov.au,Mazda,MPV,1993,77494455.91
412,Tabb,Hallam,thallambf@merriam-webster.com,Oldsmobile,Bravada,1998,124875558.24
413,Howie,Comiam,hcomiambg@columbia.edu,Toyota,Land Cruiser,2008,93497614.77
414,Janka,Whithalgh,jwhithalghbh@latimes.com,GMC,Acadia,2010,87672945.42
415,Allianora,Brigden,abrigdenbi@usa.gov,Volkswagen,Passat,1985,89995289.32
416,Darda,Glasspool,dglasspoolbj@newyorker.com,Mercedes-Benz,500SEL,1992,12132359.31
417,Trudy,Semor,tsemorbk@discuz.net,Suzuki,Reno,2006,179442427.3
418,Skipper,Dog,sdogbl@guardian.co.uk,Subaru,Forester,1999,175507968.12
419,Rosemonde,Kilgrew,rkilgrewbm@creativecommons.org,BMW,X5,2000,134584520.63
420,Brantley,Holdworth,bholdworthbn@sun.com,Maybach,57,2011,28643118.74
421,Aristotle,Abel,aabelbo@taobao.com,Mercury,Tracer,1991,36749435.41
422,Silvana,Steinham,ssteinhambp@nsw.gov.au,Chevrolet,Astro,1995,42402654.09
423,Llywellyn,Stonner,lstonnerbq@dion.ne.jp,Porsche,Panamera,2013,85270965.14
424,Cathrine,Osment,cosmentbr@addtoany.com,Toyota,RAV4,2000,57592055.01
425,Mar,Lundie,mlundiebs@sakura.ne.jp,Ford,F350,1992,90176595.53
426,Broddie,Coysh,bcoyshbt@yandex.ru,Dodge,Dakota,1996,156680686.86
427,Yorgo,Landor,ylandorbu@army.mil,Lincoln,Mark VIII,1993,168532926.84
428,Charline,Cayle,ccaylebv@twitter.com,Ford,Crown Victoria,2001,90724186.19
429,Meara,Di Giacomettino,mdigiacomettinobw@cornell.edu,Honda,Pilot,2004,125259585.21
430,Robinette,Pawelek,rpawelekbx@springer.com,Suzuki,Swift,1991,172797364.27
431,Sol,Musto,smustoby@trellian.com,GMC,Envoy XL,2005,129773114.64
432,Alyson,Chazette,achazettebz@feedburner.com,Citroen,Allante,1993,116127469.27
433,Cosette,Phelip,cphelipc0@princeton.edu,Hyundai,Elantra,2003,108174744.32
434,Gabi,Whales,gwhalesc1@army.mil,Aston Martin,Virage,2011,41643203.87
435,Adriaens,Duester,aduesterc2@house.gov,Chevrolet,Classic,2004,19416714.69
436,Karylin,Gerrie,kgerriec3@furl.net,Porsche,Boxster,2003,156284858.85
437,Andonis,Rainsdon,arainsdonc4@bing.com,Ford,E-350 Super Duty Van,2006,127568726.9
438,Mignonne,Tuison,mtuisonc5@yellowpages.com,Nissan,Maxima,1994,163955562.69
439,Lem,Cesco,lcescoc6@google.com.au,Hyundai,Genesis Coupe,2013,6242905.21
440,Amity,Timny,atimnyc7@skyrock.com,Audi,4000s,1985,84499352.68
441,Addy,Shenton,ashentonc8@cpanel.net,Mazda,RX-7,1984,174499746.8
442,Harry,Wareing,hwareingc9@rakuten.co.jp,Saab,900,1995,178044350.65
443,Luci,Seabrook,lseabrookca@deviantart.com,Mazda,CX-9,2009,100705687.71
444,Ali,Buard,abuardcb@gravatar.com,Lotus,Esprit,1993,13965291.87
445,Adiana,Mushett,amushettcc@163.com,Chevrolet,Silverado 2500,2010,15615531.26
446,Bridie,Pendlebery,bpendleberycd@wunderground.com,Audi,A3,2009,6141063.5
447,Debbie,McCarl,dmccarlce@gmpg.org,Lincoln,LS,2003,25068205.04
448,Clarence,Hoogendorp,choogendorpcf@census.gov,Volkswagen,Jetta III,1993,27287867.75
449,Gwyneth,Wettern,gwetterncg@google.com.hk,Mercedes-Benz,S-Class,2003,144595460.84
450,Roxie,Rolfs,rrolfsch@oracle.com,Dodge,D250,1993,70543246.19
451,Manya,Undy,mundyci@multiply.com,Mazda,MPV,2002,167510497.92
452,Lukas,Treversh,ltrevershcj@bigcartel.com,Porsche,928,1988,154126572.42
453,Bordie,Mein,bmeinck@toplist.cz,Buick,Regal,2002,188463580.44
454,Teddy,Wastling,twastlingcl@prnewswire.com,Audi,100,1992,52626371.44
455,Teirtza,McParland,tmcparlandcm@google.es,Buick,Coachbuilder,1990,69486399.66
456,Simmonds,Whall,swhallcn@umich.edu,Subaru,Outback,2006,124170430.38
457,Reilly,Gally,rgallyco@google.com.br,Porsche,928,1986,697932.1
458,Mufinella,Houchin,mhouchincp@theguardian.com,Citroen,CTS-V,2009,170333255.06
459,Jillayne,Durden,jdurdencq@google.de,Lamborghini,Diablo,1993,170747494.81
460,Alick,Lovegrove,alovegrovecr@elpais.com,Acura,Legend,1992,28400561.29
461,Jolene,Passion,jpassioncs@newyorker.com,Kia,Optima,2004,143566752.91
462,Kristal,Florence,kflorencect@topsy.com,Volkswagen,Passat,2006,98507497.79
463,Fletcher,Delle,fdellecu@prweb.com,Toyota,RAV4,2005,186751898.68
464,Marilee,Shoulder,mshouldercv@bravesites.com,Chrysler,Crossfire,2005,67132141.78
465,Aloin,Harridge,aharridgecw@statcounter.com,Mazda,GLC,1984,21616940.1
466,Cassandre,Blampey,cblampeycx@paginegialle.it,Oldsmobile,Bravada,1997,178171907.16
467,Hermann,Butters,hbutterscy@ebay.co.uk,Ford,Excursion,2000,39584384.77
468,Rickie,Beechcraft,rbeechcraftcz@kickstarter.com,BMW,8 Series,1997,164662367.26
469,Nickey,Teresia,nteresiad0@trellian.com,Honda,Civic,1985,17438086.37
470,Caritta,Peniello,cpeniellod1@jalbum.net,Mitsubishi,Truck,1986,160410963.59
471,Yorgos,Crollman,ycrollmand2@umn.edu,Mazda,626,1999,53957822.6
472,Kelley,Pask,kpaskd3@wikispaces.com,Chevrolet,Express 1500,2004,102991340.11
473,Becky,Dunnan,bdunnand4@arstechnica.com,Chevrolet,Cavalier,1993,179277286.17
474,Barrie,Gulleford,bgullefordd5@ftc.gov,Bentley,Continental GT,2008,101841061.2
475,Guthry,MacConnulty,gmacconnultyd6@nasa.gov,Chrysler,Voyager,2002,78594884.79
476,Stefan,Dobrovolny,sdobrovolnyd7@360.cn,Honda,Accord,1999,62238158.1
477,Esma,Spykings,espykingsd8@mashable.com,Mitsubishi,Galant,2004,43902032.66
478,Chelsy,Lademann,clademannd9@amazon.co.jp,Mitsubishi,Starion,1987,155318678.74
479,Lib,Goricke,lgorickeda@businesswire.com,Lotus,Esprit,1990,26930424.06
480,Bert,Clemett,bclemettdb@goodreads.com,Mitsubishi,Pajero,1996,88962664.55
481,Sharleen,Heighton,sheightondc@hubpages.com,Mercedes-Benz,E-Class,1995,4466734
482,Nanni,Camp,ncampdd@geocities.jp,Mazda,Protege,1995,172336855.7
483,Hatty,Mathy,hmathyde@shareasale.com,Toyota,Tundra,2004,41893900.02
484,Arnie,Broadnicke,abroadnickedf@hugedomains.com,Ford,Aerostar,1993,119424087.79
485,Lay,Capron,lcaprondg@macromedia.com,BMW,530,2003,157260314.48
486,Madel,Monketon,mmonketondh@stumbleupon.com,Jaguar,XJ Series,1995,61747681.79
487,Andy,Frampton,aframptondi@spotify.com,Lexus,LS,2006,167761730.41
488,Gherardo,Prugel,gprugeldj@hud.gov,Saab,9-5,2010,89129039.67
489,Correna,Youings,cyouingsdk@yellowpages.com,GMC,Vandura 1500,1994,41383432.28
490,Donielle,Maier,dmaierdl@ow.ly,Volkswagen,riolet,1993,1367042.05
491,Stanwood,Hovard,shovarddm@over-blog.com,Dodge,Ram Van 1500,2002,181744259.43
492,Beniamino,Tenny,btennydn@163.com,Lamborghini,Gallardo,2008,1953429.61
493,Lindsey,Argrave,largravedo@nydailynews.com,Citroen,CTS,2008,51196284.71
494,Jeniffer,Burras,jburrasdp@bluehost.com,Toyota,Sienna,1998,185563672.8
495,Allie,Ondrak,aondrakdq@miibeian.gov.cn,Suzuki,SX4,2008,7839841
496,Nedi,Rhucroft,nrhucroftdr@example.com,Geo,Tracker,1993,26172130.87
497,Almeda,Ellcome,aellcomeds@usda.gov,GMC,Savana 2500,1996,66871487.31
498,Rubia,Sushams,rsushamsdt@bigcartel.com,Jeep,Grand Cherokee,2006,113129681.8
499,Robinet,Downer,rdownerdu@prlog.org,Mazda,RX-8,2006,196080079.34
500,Maurene,Mordy,mmordydv@hhs.gov,Infiniti,QX,2000,189887199.17
501,Giffy,Morstatt,gmorstattdw@e-recht24.de,Audi,A5,2009,4926641
502,Rick,Chessun,rchessundx@imageshack.us,Mazda,Tribute,2009,72054766.81
503,Trisha,Braunfeld,tbraunfelddy@webnode.com,Maserati,Biturbo,1987,70623965.75
504,Raul,Waddam,rwaddamdz@dailymotion.com,Mazda,B-Series Plus,2002,80861484.22
505,Marsh,Lesaunier,mlesauniere0@goo.ne.jp,Ford,Taurus,2003,186273233.22
506,Husain,Wensley,hwensleye1@independent.co.uk,Saab,9000,1986,74120798.82
507,Sonia,Boij,sboije2@blinklist.com,Volvo,S60,2002,7562017
508,Gretna,Bursnell,gbursnelle3@4shared.com,Ford,F-Series Super Duty,2010,23401510.82
509,Taber,Ewen,tewene4@nationalgeographic.com,Chevrolet,Cavalier,1997,120143732.84
510,Pepe,Tanman,ptanmane5@moonfruit.com,Nissan,Sentra,1997,85749682.3
511,Ham,Eim,heime6@va.gov,BMW,5 Series,1998,108681822.85
512,Reynold,Aloshechkin,raloshechkine7@phpbb.com,BMW,X6,2011,19595899.82
513,Tann,Grimme,tgrimmee8@guardian.co.uk,Citroen,Escalade EXT,2005,132260097.93
514,Hanan,Jenkyn,hjenkyne9@slate.com,Lincoln,Navigator,2008,80145185.7
515,Garwin,Trueman,gtruemanea@jalbum.net,Audi,S4,2005,10219615.2
516,Ambrosi,Gerholz,agerholzeb@csmonitor.com,Ford,Taurus,1992,138921169.67
517,Brunhilde,Robben,brobbenec@kickstarter.com,Mitsubishi,Outlander,2006,9618969
518,Nerte,Hoyle,nhoyleed@geocities.jp,Ford,Explorer,2010,16597243.25
519,Aaron,O'Hegertie,aohegertieee@creativecommons.org,Chevrolet,Blazer,1996,136630709.18
520,Kirstin,Mickleburgh,kmickleburghef@elegantthemes.com,Audi,TT,2010,187885806.88
521,Adrea,Schild,aschildeg@jimdo.com,GMC,Sierra 3500,2002,161667291.59
522,Flin,Dan,fdaneh@themeforest.net,Chevrolet,3500,1992,65242889.05
523,Wang,Leglise,wlegliseei@wordpress.org,Mercedes-Benz,CLS-Class,2006,199567389.75
524,Steven,Putnam,sputnamej@adobe.com,Mercedes-Benz,SL-Class,1995,3047247
525,Reinaldo,MacKain,rmackainek@samsung.com,Toyota,Tacoma,2000,122016778.27
526,Binni,Gameson,bgamesonel@tiny.cc,Hyundai,Scoupe,1993,30679036.09
527,Gage,De Haven,gdehavenem@bizjournals.com,Ford,E-Series,2004,183275144.2
528,Emlyn,Elford,eelforden@bigcartel.com,Ford,Econoline E350,2001,167691537.26
529,Charlene,Coupman,ccoupmaneo@ftc.gov,Chevrolet,Lumina,1996,168429976.56
530,Skell,Strotone,sstrotoneep@ocn.ne.jp,Mitsubishi,Pajero,1987,104293933.39
531,Dicky,Clapham,dclaphameq@scientificamerican.com,Chevrolet,3500,1996,7883248
532,Bastien,Janko,bjankoer@jimdo.com,Austin,Mini,1959,65688106.01
533,Gayle,Gepp,ggeppes@goodreads.com,Ford,Thunderbird,1987,15961602.56
534,Adriane,Connikie,aconnikieet@imdb.com,Suzuki,XL-7,2008,165002216.63
535,Caria,Pluck,cpluckeu@sbwire.com,Ford,Ranger,1995,23049628
536,Jock,Moulder,jmoulderev@dropbox.com,Dodge,Caliber,2009,52807063.52
537,Charlena,Fairlam,cfairlamew@google.com.au,Ford,F250,2006,86481466.89
538,Patti,Luno,plunoex@upenn.edu,Mitsubishi,Galant,2012,123395648.36
539,Mirna,Karim,mkarimey@mapy.cz,Maybach,57S,2005,186110374.57
540,Irvine,Seeman,iseemanez@google.co.jp,Ford,Bronco,1986,179571978.65
541,Ilyse,Petley,ipetleyf0@flavors.me,Mitsubishi,Mirage,1999,59418161.62
542,Reece,Sains,rsainsf1@ucsd.edu,Chevrolet,1500,1999,188418356.2
543,Krysta,Pereira,kpereiraf2@blogspot.com,Pontiac,Sunbird,1983,78654268.9
544,Clayson,Ritzman,critzmanf3@mtv.com,Citroen,CTS-V,2010,131623745.82
545,Robby,Pavy,rpavyf4@cnn.com,Kia,Spectra,2005,153439208.66
546,Amandi,Shayler,ashaylerf5@netscape.com,GMC,Terrain,2010,198617090.44
547,Roselia,Haville,rhavillef6@sitemeter.com,Jeep,Wrangler,1993,193871107.35
548,Kippy,Fidler,kfidlerf7@wisc.edu,Honda,CR-V,2009,139685633.91
549,Leena,Sebborn,lsebbornf8@blogtalkradio.com,Mazda,626,1986,23791147.3
550,Deerdre,Vegas,dvegasf9@nymag.com,Buick,Regal,1989,178540154.02
551,Barn,Spears,bspearsfa@xing.com,Honda,Accord,1984,31062346.93
552,Peg,Lear,plearfb@mysql.com,Audi,riolet,1996,184201666.84
553,Edie,Battram,ebattramfc@reverbnation.com,Honda,CR-V,2007,15678770.99
554,Elayne,Heasly,eheaslyfd@go.com,BMW,530,2005,46222625.75
555,Cristina,Burkert,cburkertfe@technorati.com,Ford,Econoline E250,2000,133927208.91
556,Claudine,Trueman,ctruemanff@quantcast.com,Mazda,Miata MX-5,1994,179531748.14
557,Mylo,Cutill,mcutillfg@weibo.com,GMC,Yukon XL 1500,2004,182818509.47
558,Julianna,Ismail,jismailfh@disqus.com,Kia,Sephia,1995,61991200.11
559,Lauritz,Antonopoulos,lantonopoulosfi@t-online.de,Lincoln,Mark LT,2008,100161912.84
560,Maxine,Wyld,mwyldfj@latimes.com,BMW,M5,2007,28003574.33
561,Donnamarie,Sell,dsellfk@dion.ne.jp,Porsche,911,2003,79866091.06
562,Tammara,Dodle,tdodlefl@blogtalkradio.com,Dodge,Grand Caravan,2009,176957870.48
563,Miof mela,Whye,mwhyefm@trellian.com,Acura,TL,2006,89512778.77
564,Gerladina,Budcock,gbudcockfn@rediff.com,Saturn,Astra,2008,17692524.71
565,Davina,Povall,dpovallfo@digg.com,Dodge,Ram 1500,2008,114869696.3
566,Paulita,Elsy,pelsyfp@bloglines.com,Pontiac,Bonneville,1966,138432921.74
567,Deedee,Schrinel,dschrinelfq@netlog.com,Dodge,Ram 1500 Club,2001,135510528.35
568,Rosanna,Mully,rmullyfr@geocities.com,Lexus,ES,2001,177810079
569,Perry,Tolfrey,ptolfreyfs@google.ru,Volkswagen,Type 2,1991,169132876.19
570,Alastair,Etteridge,aetteridgeft@cisco.com,Lexus,IS,2010,51958731.62
571,Lyssa,Tyrer,ltyrerfu@marriott.com,Ford,Mustang,1973,112754027.29
572,Teodoor,Tourot,ttourotfv@etsy.com,Chevrolet,Aveo,2011,35052975.66
573,Sibbie,Driffe,sdriffefw@dropbox.com,Mercedes-Benz,SLS-Class,2011,716632.38
574,Margaret,Still,mstillfx@wikia.com,Mercedes-Benz,SL-Class,2003,188398754.49
575,Ulrick,Jacqueminot,ujacqueminotfy@census.gov,Toyota,Camry,2007,85538538.62
576,Antonietta,Hendron,ahendronfz@google.nl,Mitsubishi,Precis,1992,70860352.79
577,Walt,Pflieger,wpfliegerg0@independent.co.uk,Chevrolet,Suburban,2008,18306456.34
578,Brandy,Currao,bcurraog1@so-net.ne.jp,Volkswagen,Cabriolet,2002,91356714.27
579,Marjory,Bagguley,mbagguleyg2@csmonitor.com,Ford,Aerostar,1993,192872980.71
580,Dennie,Yukhnov,dyukhnovg3@eventbrite.com,Subaru,Alcyone SVX,1994,180309676.73
581,Danella,Whiting,dwhitingg4@domainmarket.com,Ferrari,612 Scaglietti,2010,3492189.7
582,Quinn,Moorhead,qmoorheadg5@oracle.com,Mazda,B-Series,1994,134254799.35
583,Valene,Noon,vnoong6@reverbnation.com,Ford,F-Series,1985,100566735.69
584,Corabella,Ralston,cralstong7@army.mil,Ford,Expedition,2008,73565157.76
585,Dre,Ceresa,dceresag8@e-recht24.de,Saab,900,1987,123930154.91
586,Stoddard,Birrane,sbirraneg9@comcast.net,Subaru,Tribeca,2012,21501476.56
587,Germain,Matveyev,gmatveyevga@yahoo.com,Pontiac,Firebird,1998,173165838.5
588,Shandy,Bartos,sbartosgb@ycombinator.com,Toyota,RAV4,2010,31691460.39
589,Georgine,Dressel,gdresselgc@free.fr,Ford,Fairlane,1966,36299772.12
590,Ange,Keely,akeelygd@google.com,Lexus,LS,1997,73591586.59
591,Alexis,Paliser,apaliserge@arstechnica.com,Audi,A8,2010,89825978.04
592,Valma,Dresse,vdressegf@hao123.com,Volkswagen,rio,2001,301093
593,Janet,Cawdron,jcawdrongg@independent.co.uk,Mitsubishi,Eclipse,1993,91417213.88
594,Jody,Latchford,jlatchfordgh@stumbleupon.com,Mazda,929,1993,74421738.8
595,Remy,Dabinett,rdabinettgi@yahoo.com,BMW,M3,1997,159151117.94
596,Pauly,Cazalet,pcazaletgj@booking.com,Buick,Rendezvous,2005,144924275.2
597,Bernete,Filpi,bfilpigk@aboutads.info,Pontiac,Firefly,1987,78391480.91
598,Trescha,Tuffs,ttuffsgl@alibaba.com,Suzuki,Daewoo Magnus,2005,21212234.61
599,Birdie,Vamplers,bvamplersgm@macromedia.com,Volkswagen,Jetta,2008,122552427.06
600,Gabi,Salzberger,gsalzbergergn@amazon.co.jp,Mercedes-Benz,SL-Class,2001,184842781.28
601,Marcelo,Fitzmaurice,mfitzmauricego@google.nl,Mazda,Miata MX-5,2004,134857850.08
602,Kimberlyn,Kigelman,kkigelmangp@jigsy.com,Honda,CR-V,2010,165190884.66
603,Rees,Murtagh,rmurtaghgq@goo.gl,Pontiac,LeMans,1967,81020243.14
604,Sammy,Hantusch,shantuschgr@google.nl,Ford,Thunderbird,1986,171192637.83
605,Pierre,Gheorghie,pgheorghiegs@usda.gov,Ford,Mustang,1970,9202632
606,Gavra,Basili,gbasiligt@paypal.com,Subaru,Legacy,2008,76011576.78
607,Ninnette,Gooderridge,ngooderridgegu@uol.com.br,Maserati,Biturbo,1987,184978007.23
608,Sully,Fladgate,sfladgategv@timesonline.co.uk,Jeep,Grand Cherokee,2005,2198436.53
609,Dore,Doore,ddooregw@salon.com,Chevrolet,Corvette,1973,189253199.69
610,Llewellyn,Maudsley,lmaudsleygx@wisc.edu,Honda,Accord,2002,177728456.81
611,Binny,Girling,bgirlinggy@reuters.com,Subaru,SVX,1997,76110028.5
612,Torie,Mechell,tmechellgz@usatoday.com,Maybach,62,2010,79437791.62
613,Sibylla,Morman,smormanh0@disqus.com,Chevrolet,Tahoe,2003,24550826.84
614,Elia,Kubik,ekubikh1@patch.com,Toyota,Prius,2007,80952491.23
615,Codie,Chellam,cchellamh2@nyu.edu,Toyota,FJ Cruiser,2012,96910194.51
616,Celesta,Kraft,ckrafth3@google.co.uk,Land Rover,Range Rover Sport,2012,164688466.87
617,Marlo,Fansy,mfansyh4@infoseek.co.jp,Chevrolet,Cobalt,2005,180125973.37
618,Zilvia,Conlon,zconlonh5@dedecms.com,Mitsubishi,Diamante,1992,53808278.26
619,Lorrayne,Dulinty,ldulintyh6@youtube.com,Lincoln,Town Car,2005,182003460.38
620,Lauren,Barstowk,lbarstowkh7@paypal.com,Ford,Ranger,1984,143834879.04
621,Moe,Cumpsty,mcumpstyh8@nba.com,Toyota,Land Cruiser,1999,167192326.58
622,Huntley,McLeod,hmcleodh9@topsy.com,Audi,Cabriolet,1996,19107032.48
623,Karna,Northridge,knorthridgeha@mozilla.com,Plymouth,Sundance,1993,8796819
624,Lynnea,Greenleaf,lgreenleafhb@vistaprint.com,Pontiac,Sunbird,1988,106546138.87
625,Theresina,Aldous,taldoushc@newyorker.com,GMC,Sierra 1500,2002,87002631.74
626,Courtney,Dankov,cdankovhd@liveinternet.ru,Mitsubishi,Diamante,1994,141178895.35
627,Cassaundra,Seiler,cseilerhe@de.vu,Mitsubishi,Galant,2005,64586116.06
628,Araldo,Marcam,amarcamhf@livejournal.com,Buick,Regal,1996,136287733.73
629,Sofie,MacDougal,smacdougalhg@narod.ru,Hummer,H1,1994,40589969.99
630,Kate,Hasling,khaslinghh@prlog.org,Honda,Civic,1990,51302387.89
631,Blanch,Brinded,bbrindedhi@state.gov,Chevrolet,Impala SS,1994,156411159.51
632,Flss,Bough,fboughhj@youtu.be,Subaru,SVX,1995,107431634.42
633,Des,Beton,dbetonhk@nhs.uk,Chevrolet,Suburban 1500,1993,109991410.97
634,Graeme,Sweedy,gsweedyhl@springer.com,Ford,Bronco II,1984,73257596.86
635,Holmes,Gerrey,hgerreyhm@yellowbook.com,Chevrolet,Camaro,2001,186081756.68
636,Nat,Sheddan,nsheddanhn@nsw.gov.au,Ford,Th!nk,2002,48837929.87
637,Allyson,Livingston,alivingstonho@washingtonpost.com,Dodge,Grand Caravan,2003,8007988
638,Rae,Garvan,rgarvanhp@fc2.com,GMC,Canyon,2008,53827816.76
639,Wyatan,Deeley,wdeeleyhq@homestead.com,Toyota,Tundra,2006,80519735.5
640,Belita,Motherwell,bmotherwellhr@ebay.com,Maybach,62,2004,131892754.05
641,Wakefield,Dockery,wdockeryhs@pagesperso-orange.fr,Lexus,SC,2008,9619398
642,Carma,Drew,cdrewht@ycombinator.com,Maybach,Landaulet,2011,68833072.86
643,Damon,Bewick,dbewickhu@hud.gov,Ford,Mustang,2002,60682509.87
644,Carin,Giamitti,cgiamittihv@newsvine.com,BMW,7 Series,2011,47308340.43
645,Bendick,Meffin,bmeffinhw@dagondesign.com,Infiniti,QX56,2010,40486129.23
646,Ardyth,Marchenko,amarchenkohx@vinaora.com,Chevrolet,Camaro,1997,12694371.48
647,Jo ann,Lucock,jlucockhy@ucoz.com,Ford,Ranger,2007,133576165.44
648,Jakie,Kneaphsey,jkneaphseyhz@smh.com.au,Mazda,MPV,2006,31692081.2
649,Jo,Jelkes,jjelkesi0@123-reg.co.uk,Toyota,Yaris,2007,169306392.07
650,Mariellen,Proudlock,mproudlocki1@reuters.com,Nissan,Pathfinder,2004,28458523.99
651,Noell,Flahive,nflahivei2@cdbaby.com,Infiniti,G,2004,133220666.13
652,Roslyn,Poulsen,rpoulseni3@de.vu,Chevrolet,Blazer,2003,127975281.99
653,Brendan,Sowrah,bsowrahi4@icq.com,Jeep,Liberty,2008,108103099.86
654,Josefa,Lampitt,jlampitti5@jimdo.com,Nissan,Sentra,1996,56449161.42
655,Sallie,Revie,sreviei6@virginia.edu,BMW,3 Series,1994,154604506.28
656,Conrade,Battey,cbatteyi7@simplemachines.org,Toyota,Corolla,1996,176969448.79
657,Scarlett,Sutherington,ssutheringtoni8@mysql.com,Jeep,Cherokee,1992,104927332.4
658,Gaile,Crossland,gcrosslandi9@a8.net,Audi,A4,2001,27642620.69
659,Kylynn,Bartley,kbartleyia@yahoo.com,Infiniti,G37,2010,116362585.5
660,Kristos,Creech,kcreechib@dedecms.com,Toyota,Tacoma,2002,14481719.14
661,Mira,Gilmour,mgilmouric@photobucket.com,Mitsubishi,Mirage,1990,37263612.7
662,Arabel,Colton,acoltonid@cnet.com,Audi,A8,2006,173293467.23
663,Kelley,Dyzart,kdyzartie@illinois.edu,Nissan,Pathfinder,2007,94332865.46
664,Clarey,Wardingly,cwardinglyif@devhub.com,Buick,Roadmaster,1994,172411149.34
665,Frank,MacPaike,fmacpaikeig@japanpost.jp,Lexus,GX,2009,175964663.95
666,Penn,D'Antonio,pdantonioih@stanford.edu,Toyota,MR2,1987,1569830.96
667,Hilary,Iddiens,hiddiensii@oracle.com,Infiniti,FX,2003,44846079.44
668,Diego,McGillivrie,dmcgillivrieij@jigsy.com,Pontiac,Grand Am,1988,142799096.71
669,Ludovika,Gradly,lgradlyik@aol.com,Land Rover,Range Rover,2004,64095356.08
670,Benedikta,Prothero,bprotheroil@jiathis.com,Volkswagen,Touareg,2010,158818132.2
671,Hermia,Antonnikov,hantonnikovim@webeden.co.uk,Hyundai,Accent,2010,141347057.77
672,Vilma,Kerrey,vkerreyin@nymag.com,Dodge,Dakota,1997,141567801.95
673,Leslie,Watson,lwatsonio@house.gov,Acura,RSX,2002,142429253.04
674,Rafi,Grendon,rgrendonip@sciencedaily.com,Mazda,Mazda5,2006,64772894
675,Tomaso,Paterson,tpatersoniq@elegantthemes.com,Pontiac,Bonneville,1964,19043285.11
676,Holli,Flott,hflottir@wisc.edu,Mazda,MX-5,2005,144759946.87
677,Amby,Hayer,ahayeris@free.fr,Honda,S2000,2002,186486761.58
678,Sashenka,Worman,swormanit@vimeo.com,Mercury,Sable,2005,137480101.3
679,Lanette,Hugh,lhughiu@google.co.uk,Citroen,CTS-V,2011,307086.11
680,Lacy,Farebrother,lfarebrotheriv@netlog.com,Infiniti,M,1992,186718572.93
681,Rem,Boakes,rboakesiw@elegantthemes.com,Mitsubishi,Galant,2007,153461450.99
682,Jamal,Perchard,jperchardix@sogou.com,Mercedes-Benz,S-Class,2010,70148695.99
683,Lyman,Kitto,lkittoiy@guardian.co.uk,Chevrolet,HHR,2009,142488257.74
684,Sibby,Call,scalliz@geocities.com,Ford,Econoline E350,1998,168441286.5
685,Tedi,Diamant,tdiamantj0@webmd.com,Mitsubishi,Pajero,1989,41627502.47
686,Hew,Winders,hwindersj1@springer.com,Chevrolet,Corvette,2003,197980627.76
687,Deeann,Loudwell,dloudwellj2@xinhuanet.com,Acura,TSX,2010,197748589.72
688,Nedi,Coyne,ncoynej3@gmpg.org,Mazda,CX-7,2008,1753536.16
689,Moll,Kummerlowe,mkummerlowej4@vkontakte.ru,Rolls-Royce,Ghost,2010,122548237.92
690,Joli,Innerstone,jinnerstonej5@ow.ly,GMC,Savana 1500,1996,165316123.68
691,Gracie,Dickman,gdickmanj6@smugmug.com,Saab,9-5,2010,122706546.53
692,Burr,Eastman,beastmanj7@msu.edu,Volkswagen,Jetta,2004,176643192.61
693,Toinette,Klimmek,tklimmekj8@webs.com,Mercedes-Benz,E-Class,2009,165022892.85
694,Frayda,Nattriss,fnattrissj9@forbes.com,BMW,1 Series,2009,44160959.26
695,Jewell,Oseman,josemanja@rakuten.co.jp,Buick,Rendezvous,2005,63678037.1
696,Rickert,Comport,rcomportjb@blog.com,Buick,Riviera,1999,144031681.76
697,Sargent,Leggen,sleggenjc@parallels.com,Ford,EXP,1985,19565223.05
698,Nettie,Mingame,nmingamejd@imdb.com,Pontiac,Grand Am,1999,8893212
699,Dyanna,Sephton,dsephtonje@qq.com,Ford,Explorer,1994,102811792.61
700,Belle,Carthy,bcarthyjf@ycombinator.com,GMC,EV1,1999,185529446.49
701,Suzi,Waison,swaisonjg@yellowpages.com,GMC,Suburban 1500,1992,32697236.75
702,Reece,Entwistle,rentwistlejh@wp.com,Mazda,626,2000,85998688.49
703,Demetre,MacGinney,dmacginneyji@pcworld.com,Jeep,Compass,2008,159793662.77
704,Bekki,Marians,bmariansjj@linkedin.com,Land Rover,Range Rover Sport,2009,3705878
705,Kacey,Love,klovejk@phoca.cz,Dodge,Ram 3500 Club,1996,30153536.38
706,Nickie,Koopman,nkoopmanjl@blinklist.com,Mercedes-Benz,M-Class,2000,79720397.05
707,Vaclav,Flanne,vflannejm@sun.com,Ford,F450,2010,188348244.49
708,Donavon,Slot,dslotjn@yahoo.co.jp,Nissan,Armada,2006,36372325.31
709,Lisabeth,Baudains,lbaudainsjo@globo.com,BMW,530,2006,137651833.02
710,Edd,Bent,ebentjp@timesonline.co.uk,Lexus,RX,2008,80792689.98
711,Hollie,Stagge,hstaggejq@fotki.com,Toyota,Camry,2010,131707855.27
712,Dix,Swidenbank,dswidenbankjr@theglobeandmail.com,Chevrolet,Suburban 2500,2012,105181152.25
713,Paulina,Lumbley,plumbleyjs@jimdo.com,Hyundai,Accent,2005,197786033.5
714,Ardra,Scholar,ascholarjt@cbsnews.com,Acura,TSX,2012,131692512.56
715,Hamish,Purseglove,hpursegloveju@so-net.ne.jp,Nissan,Altima,1996,179286277
716,Germain,Lyal,glyaljv@hexun.com,Chevrolet,Suburban 1500,1997,183274253.16
717,Levon,Atthowe,latthowejw@cbslocal.com,Nissan,Titan,2009,101803496.24
718,Gwenneth,Kobpal,gkobpaljx@house.gov,Toyota,Avalon,2004,84061449.67
719,Bab,Grafton-Herbert,bgraftonherbertjy@symantec.com,BMW,Z3,2001,61553793.34
720,Kalil,Sprackling,kspracklingjz@bbc.co.uk,Nissan,Maxima,2003,60593888.91
721,Byrann,Ribchester,bribchesterk0@tuttocitta.it,Chrysler,New Yorker,1994,46839982.01
722,Stewart,Boosey,sbooseyk1@alibaba.com,Saab,9-5,2004,131488399.52
723,Lucina,Sanderson,lsandersonk2@sitemeter.com,Chrysler,Sebring,1998,32133596.15
724,Ibby,Darbyshire,idarbyshirek3@cornell.edu,Dodge,Caravan,1994,146901237.02
725,Ezra,McAndie,emcandiek4@blog.com,Volkswagen,Passat,2004,188874360.35
726,Vinnie,Basso,vbassok5@webeden.co.uk,Mitsubishi,Pajero,1996,5144170
727,Rubia,Mc Ilwrick,rmcilwrickk6@freewebs.com,Pontiac,GTO,1973,130168568.33
728,Freddie,Burlingame,fburlingamek7@constantcontact.com,Subaru,Impreza,2009,47974378.44
729,Verine,Cool,vcoolk8@wikispaces.com,Jeep,Patriot,2012,152651242.75
730,Clark,Bielby,cbielbyk9@va.gov,GMC,Sierra 2500,2006,101075545.48
731,Norene,Vedenisov,nvedenisovka@instagram.com,Lexus,IS,2001,192757579.64
732,Yance,Michelle,ymichellekb@trellian.com,Subaru,Impreza WRX,2010,84624912.69
733,Bale,Snipe,bsnipekc@i2i.jp,Lexus,IS,2009,168535319.5
734,Pembroke,Kindon,pkindonkd@hp.com,Mercedes-Benz,300SE,1992,108542597.33
735,Meade,Comber,mcomberke@cnbc.com,Chevrolet,TrailBlazer,2008,49990508.95
736,Eleonora,Cutchey,ecutcheykf@php.net,Mercedes-Benz,300SE,1993,40831893.42
737,Sim,Letessier,sletessierkg@topsy.com,Toyota,4Runner,2007,62714136.78
738,Chicky,O'Neary,conearykh@ycombinator.com,Ford,F-Series Super Duty,2012,5375280.73
739,Patin,Cassel,pcasselki@mediafire.com,Porsche,911,2005,97990571.79
740,Cammy,Antuk,cantukkj@typepad.com,Toyota,RAV4,2008,5339104
741,Brynne,Clarkin,bclarkinkk@discovery.com,Toyota,TundraMax,2008,174891032.44
742,Michele,Trustrie,mtrustriekl@uiuc.edu,Geo,Metro,1996,4586142.25
743,Giusto,Seggie,gseggiekm@vk.com,Pontiac,Trans Sport,1998,143907067.75
744,Mathilda,Clineck,mclineckkn@psu.edu,Chevrolet,Suburban 2500,2011,74778403.66
745,Laetitia,Jacobsson,ljacobssonko@zdnet.com,Chevrolet,Silverado 1500,2005,44459505.09
746,Brunhilde,Jarrell,bjarrellkp@nifty.com,Maserati,Coupe,2005,126385097.45
747,Toinette,Gerleit,tgerleitkq@homestead.com,Chrysler,Sebring,2008,76598452.8
748,Anne-marie,Blomfield,ablomfieldkr@networksolutions.com,Chevrolet,Astro,1995,70844631.17
749,Yuri,Aizikovitch,yaizikovitchks@about.com,Dodge,Viper,2002,63597085.82
750,Howie,Jacop,hjacopkt@jiathis.com,Toyota,Tacoma Xtra,2002,188841380.78
751,Lizabeth,Scamel,lscamelku@storify.com,Saturn,Relay,2005,57331758.79
752,Kelcey,Isard,kisardkv@gmpg.org,Lincoln,Mark VIII,1994,9022161
753,Robby,Barrington,rbarringtonkw@yandex.ru,Honda,Civic,1980,153897393.41
754,Reba,Gowan,rgowankx@tamu.edu,GMC,1500 Club Coupe,1993,90884088.92
755,Corena,Dewan,cdewanky@storify.com,Citroen,Seville,1996,68524742.96
756,Carlota,Noller,cnollerkz@sciencedaily.com,Ford,E350,2003,817329.98
757,Minnnie,Moran,mmoranl0@salon.com,Chevrolet,Express 2500,1997,107252909.28
758,Zeb,Butten,zbuttenl1@newsvine.com,Toyota,Tacoma Xtra,2003,168796052.27
759,Sioux,Tippin,stippinl2@unicef.org,Ford,Crown Victoria,1997,84510999.23
760,Cristiano,Rostron,crostronl3@ask.com,Chevrolet,Tahoe,2010,10765757.7
761,Saloma,Seint,sseintl4@hubpages.com,Ford,F150,1998,132588988.11
762,Herb,Mulgrew,hmulgrewl5@themeforest.net,Ford,C-MAX Hybrid,2013,41494560.48
763,Tommy,Lowe,tlowel6@sciencedaily.com,Ford,Edge,2012,163171911.1
764,Rosalind,Corkhill,rcorkhilll7@state.tx.us,Ford,Aspire,1995,100605258.95
765,Glenn,Maycey,gmayceyl8@twitter.com,Infiniti,G,2007,59606417.01
766,Kathe,Wartnaby,kwartnabyl9@arizona.edu,BMW,M3,1998,11518286.16
767,Blisse,Bellsham,bbellshamla@phoca.cz,Kia,Rio,2013,32920298.64
768,Charlton,Yakubovics,cyakubovicslb@globo.com,Toyota,Sequoia,2010,101790109.5
769,Annabela,Gymblett,agymblettlc@blog.com,Suzuki,XL7,2009,34376491.76
770,Darsie,Milbourn,dmilbournld@macromedia.com,Nissan,Maxima,1992,161095350.57
771,Sonja,Cullivan,scullivanle@netscape.com,Subaru,Outback,2003,104948105.59
772,Polly,McCloid,pmccloidlf@usnews.com,Mercedes-Benz,400SEL,1993,178847018.81
773,Kristen,Cosstick,kcossticklg@woothemes.com,Toyota,Sequoia,2009,145285729.8
774,Gian,Giacomuzzo,ggiacomuzzolh@weather.com,Mitsubishi,Galant,1984,148237542.93
775,Otto,McNeilly,omcneillyli@seesaa.net,Audi,A4,1998,43841220
776,Susann,Bumpass,sbumpasslj@reverbnation.com,Volvo,S70,1998,105760188.87
777,Eliza,Verzey,everzeylk@goodreads.com,Dodge,Grand Caravan,2005,81225774.54
778,Idalina,Naden,inadenll@huffingtonpost.com,BMW,X5,2011,181296342.34
779,Grier,Spaducci,gspaduccilm@upenn.edu,Land Rover,Range Rover,2008,139389448.6
780,Lynnett,Probert,lprobertln@nifty.com,Nissan,Xterra,2008,83725730.11
781,Georgia,Minet,gminetlo@blog.com,Chevrolet,Malibu,2000,180145321.52
782,Ailee,Byrkmyr,abyrkmyrlp@mail.ru,Ford,E250,2006,56349514.33
783,Andreas,Siene,asienelq@loc.gov,Lexus,ES,2000,155198048
784,Maye,Hollyard,mhollyardlr@foxnews.com,Mercedes-Benz,CL-Class,2004,156059709.08
785,Harley,Notti,hnottils@qq.com,Mercury,Mystique,2000,87827194.23
786,Pate,Hambly,phamblylt@qq.com,Citroen,DeVille,1998,27927318.99
787,Rosalinde,Chishull,rchishulllu@icio.us,Mitsubishi,Mirage,1996,176281190.08
788,Joyann,Sisley,jsisleylv@ftc.gov,Nissan,Xterra,2004,141296838.23
789,Desi,Batson,dbatsonlw@woothemes.com,Chevrolet,Avalanche,2002,49436502.97
790,Federica,Goulthorp,fgoulthorplx@comsenz.com,Aston Martin,V8 Vantage,2010,66485110.18
791,Alleyn,Spadazzi,aspadazzily@theglobeandmail.com,Pontiac,Bonneville,1999,18830224.34
792,Chrotoem,Tremmil,ctremmillz@altervista.org,Pontiac,Sunfire,1997,194463300.72
793,Korie,Doubrava,kdoubravam0@freewebs.com,Lexus,LS,1989,117438562.3
794,Kaleena,Reggiani,kreggianim1@people.com.cn,Volkswagen,GTI,2003,7204977.18
795,Pancho,Hawkswood,phawkswoodm2@webnode.com,Ram,3500,2011,35865577.04
796,Jackquelin,Thoumasson,jthoumassonm3@foxnews.com,Ford,Focus,2002,91060182.46
797,Dara,Hauck,dhauckm4@cnn.com,Jeep,Cherokee,1999,64220457.42
798,Georgie,Hessentaler,ghessentalerm5@pcworld.com,Chevrolet,Cobalt SS,2009,113984737.75
799,Simon,Hambright,shambrightm6@whitehouse.gov,GMC,Savana 2500,2001,105673936.96
800,Harmony,Stobbie,hstobbiem7@networksolutions.com,Suzuki,Samurai,1992,152223780.82
801,Herby,Scoyles,hscoylesm8@imgur.com,Ford,Freestar,2007,90724558.17
802,Dorris,Shepherdson,dshepherdsonm9@topsy.com,Acura,RDX,2010,41208647.65
803,Wallace,Byrd,wbyrdma@skype.com,Chrysler,Aspen,2007,1369191.79
804,Trixi,Krabbe,tkrabbemb@people.com.cn,Kia,Rio,2013,130368552.42
805,Birk,Clemas,bclemasmc@apache.org,Dodge,Grand Caravan,2008,76191651.98
806,Templeton,Castro,tcastromd@answers.com,Suzuki,SJ,1989,146403630.71
807,Ricardo,Tossell,rtossellme@t.co,Infiniti,G37,2012,132171013.09
808,Aidan,Knapper,aknappermf@ycombinator.com,Nissan,Sentra,1999,125212384.31
809,Floris,Dicky,fdickymg@businessinsider.com,Dodge,Ram 1500,2009,157849400.53
810,Benedicto,Raddon,braddonmh@virginia.edu,Volvo,S40,2009,5775101.6
811,Shandra,Fleischmann,sfleischmannmi@buzzfeed.com,Toyota,T100 Xtra,1998,3429457
812,Trent,Yeowell,tyeowellmj@paginegialle.it,Toyota,Tundra,2007,84493396.54
813,Teddy,Bithell,tbithellmk@microsoft.com,Audi,S4,2004,173111113.05
814,Lanae,Ert,lertml@163.com,Toyota,RAV4,2009,128222307.37
815,Torrence,Mole,tmolemm@vinaora.com,Chevrolet,Corvette,1984,59013090.02
816,Vernor,Gonnel,vgonnelmn@cocolog-nifty.com,Scion,tC,2011,114116065.19
817,Carter,Farrance,cfarrancemo@bluehost.com,GMC,Safari,1999,170123105.62
818,Clio,Fulks,cfulksmp@seattletimes.com,Mitsubishi,Eclipse,1998,84880949.87
819,Roberto,Luna,rlunamq@discuz.net,Chevrolet,Silverado 2500,1999,92285018.16
820,Ibby,Healks,ihealksmr@hp.com,Volkswagen,Corrado,1992,175742582.22
821,Galvin,Jurkiewicz,gjurkiewiczms@hc360.com,Honda,Civic,2012,150980412.16
822,Erda,Forbear,eforbearmt@bandcamp.com,Dodge,Magnum,2006,20823560.83
823,Angele,Routham,arouthammu@apache.org,Volvo,XC70,2007,97508501.58
824,Cissiee,Bettenay,cbettenaymv@live.com,Infiniti,QX,2007,175134064.61
825,Claiborn,Tozer,ctozermw@istockphoto.com,GMC,Savana,2007,52383563.69
826,Yetty,Westhofer,ywesthofermx@cornell.edu,Nissan,Quest,2002,70729758.47
827,Lilyan,Hoffman,lhoffmanmy@sitemeter.com,Chevrolet,Cavalier,2002,127306226.08
828,Arlan,Claasen,aclaasenmz@ucsd.edu,GMC,Yukon,2008,110718883.7
829,Caro,Cellier,ccelliern0@theatlantic.com,Chevrolet,Silverado 1500,2008,14242758.28
830,Bonny,Smallcomb,bsmallcombn1@hc360.com,Dodge,Grand Caravan,1995,128869161.94
831,Robina,Purvey,rpurveyn2@usnews.com,Mazda,B-Series Plus,1994,189128416.51
832,Susannah,Hartrick,shartrickn3@toplist.cz,Pontiac,Trans Sport,1995,132615713.88
833,Frederich,Colliard,fcolliardn4@a8.net,Mitsubishi,Mighty Max Macro,1994,131307480.64
834,Miriam,Moir,mmoirn5@canalblog.com,Hummer,H2,2009,23962564.46
835,Padriac,Poundsford,ppoundsfordn6@wp.com,Pontiac,GTO,1970,57450351.66
836,Locke,Brearton,lbreartonn7@sina.com.cn,Isuzu,i-Series,2006,154010198.32
837,Burlie,Chicken,bchickenn8@google.com.br,Chevrolet,Camaro,1996,17413015.49
838,Ebba,Soles,esolesn9@shinystat.com,Honda,CR-V,2009,94719313.3
839,Joanie,Awcock,jawcockna@marriott.com,Volkswagen,Rabbit,2006,29654943.45
840,Nissa,Hilliam,nhilliamnb@pbs.org,Maybach,57,2011,116798690.82
841,Trude,Tripp,ttrippnc@com.com,MINI,Cooper,2012,156986917.8
842,Tasia,Farnhill,tfarnhillnd@npr.org,Chevrolet,Tahoe,2002,42265248.81
843,Lemmie,Beiderbeck,lbeiderbeckne@youtube.com,Mercury,Cougar,1991,181254705.65
844,Heywood,Nelthrop,hnelthropnf@china.com.cn,Jeep,Patriot,2012,71318198.71
845,Amabelle,Binch,abinchng@rambler.ru,Audi,S4,2006,114214470.75
846,Olwen,Kleehuhler,okleehuhlernh@hexun.com,Pontiac,Aztek,2003,50808639.02
847,Desmund,Goody,dgoodyni@homestead.com,Maserati,Spyder,1991,56576589.84
848,Archie,Hamal,ahamalnj@stumbleupon.com,Subaru,Legacy,1994,150620405.61
849,Reidar,Petrasek,rpetraseknk@cnn.com,Chevrolet,SSR,2004,81060697.77
850,Kerri,Barajas,kbarajasnl@slate.com,BMW,545,2004,191382698.82
851,Konstance,Wicklen,kwicklennm@cbsnews.com,Acura,Legend,1992,196436684.93
852,Estelle,Jossel,ejosselnn@blog.com,Porsche,Boxster,2003,157301643.44
853,Billie,Souttar,bsouttarno@disqus.com,Chevrolet,Astro,1998,62113464.57
854,Booth,Goodisson,bgoodissonnp@t-online.de,Mercedes-Benz,C-Class,2004,40206541.11
855,Marco,Henderson,mhendersonnq@vinaora.com,Subaru,Impreza,2002,92005580.46
856,Kristo,Ellgood,kellgoodnr@yellowpages.com,Pontiac,Grand Prix,1988,42805185.46
857,Melissa,McDowall,mmcdowallns@apple.com,Oldsmobile,Alero,2000,28135629.57
858,Maude,Ascroft,mascroftnt@wp.com,Acura,TSX,2010,167037834.73
859,Roxanna,Yeskin,ryeskinnu@woothemes.com,Chevrolet,Colorado,2004,20716269.69
860,Rowney,Gummie,rgummienv@msn.com,Subaru,Impreza,1993,42685043.66
861,Berthe,Caesman,bcaesmannw@home.pl,Isuzu,Rodeo Sport,2001,22672445.73
862,Tito,Neilan,tneilannx@themeforest.net,Land Rover,Defender 110,1993,87360451.55
863,Abrahan,Simms,asimmsny@webmd.com,Isuzu,Trooper,2000,125794583.32
864,Tremain,Phelipeau,tphelipeaunz@smh.com.au,Pontiac,Sunfire,1995,13638396.76
865,Sandie,Wheatcroft,swheatcrofto0@si.edu,Saturn,Aura,2009,45501784.04
866,Padraic,Sibylla,psibyllao1@webeden.co.uk,Buick,LeSabre,1998,152095697.94
867,Ripley,Bento,rbentoo2@chron.com,GMC,Savana 3500,1999,116711866.34
868,Fanchon,Marikhin,fmarikhino3@fotki.com,Buick,Regal,1990,159076857.09
869,Winnifred,Halliwell,whalliwello4@acquirethisname.com,GMC,Sonoma,2001,47523344.2
870,Suzie,McCarrison,smccarrisono5@cdc.gov,Volkswagen,Passat,1999,95119725.04
871,Ketty,Huyghe,khuygheo6@jigsy.com,Chevrolet,2500,1995,15492738.71
872,Kassey,Albisser,kalbissero7@cloudflare.com,Chevrolet,Sportvan G10,1992,120818901.12
873,Melosa,Wethey,mwetheyo8@prnewswire.com,Mitsubishi,Tredia,1985,11811861.3
874,Tomlin,Domniney,tdomnineyo9@sitemeter.com,Ford,Ranger,2006,118171028.16
875,Reuven,Twigger,rtwiggeroa@edublogs.org,Mazda,626,1994,162058532.82
876,Dorothee,Moyce,dmoyceob@arizona.edu,Nissan,JUKE,2011,102700185.88
877,Chip,Cloonan,ccloonanoc@apache.org,Hyundai,Elantra,2011,115909506.41
878,Donny,Rochford,drochfordod@webs.com,Ford,F-Series,1994,141329537.68
879,Arne,Gilberthorpe,agilberthorpeoe@wordpress.com,Hyundai,Accent,2002,136877648.39
880,Jonas,Erricker,jerrickerof@histats.com,Mitsubishi,Montero,1992,53167043.64
881,Halsey,Ramage,hramageog@wikimedia.org,Lexus,RX,2012,127476671.77
882,Valaree,Ansett,vansettoh@gnu.org,Chevrolet,Blazer,1995,146857800.98
883,Theo,Scrimshire,tscrimshireoi@newyorker.com,Toyota,Tercel,1993,100747321.38
884,Lisetta,Tipens,ltipensoj@reverbnation.com,Maybach,57,2008,139954734.76
885,Miles,Powis,mpowisok@addthis.com,Buick,Century,1991,71178915.73
886,Gwenore,Giraudeau,ggiraudeauol@dailymotion.com,Mercury,Grand Marquis,2003,63372102.45
887,Micheal,Medlen,mmedlenom@smh.com.au,Ford,E250,2005,183043980.51
888,Elwin,Hrinchenko,ehrinchenkoon@usgs.gov,Pontiac,Montana,2005,563346.97
889,Inessa,Rraundl,irraundloo@tinyurl.com,Isuzu,Hombre,1997,196915375.17
890,Amii,Berthel,aberthelop@shinystat.com,Mitsubishi,Eclipse,2004,107763694.24
891,Shellysheldon,Vaadeland,svaadelandoq@earthlink.net,Lexus,IS,2006,186781241.28
892,Margette,Fish,mfishor@w3.org,Jeep,Compass,2012,197745706.76
893,Hedwig,Ralston,hralstonos@photobucket.com,Jeep,Patriot,2011,7560741
894,Stacy,Ramsay,sramsayot@nifty.com,Honda,CR-V,1997,97781832.41
895,Karlens,Cleft,kcleftou@cbsnews.com,GMC,Savana 1500,2012,5248144.91
896,Ronnie,Chandler,rchandlerov@thetimes.co.uk,Mercedes-Benz,G-Class,2002,125061524.89
897,Dale,Langeley,dlangeleyow@ibm.com,Chrysler,LHS,1999,18908335.9
898,Brinn,McLay,bmclayox@yahoo.com,Dodge,Ram 3500,2010,118392820.91
899,Fredrika,Barzen,fbarzenoy@telegraph.co.uk,Eagle,Talon,1995,144931624.97
900,Chloette,Rockall,crockalloz@last.fm,Mazda,Tribute,2008,169967359.87
901,Gavrielle,Gibbon,ggibbonp0@sfgate.com,Suzuki,Daewoo Lacetti,2008,199367850.08
902,Hailee,Vonasek,hvonasekp1@printfriendly.com,Volkswagen,Jetta,1998,196081834.57
903,Domenico,Sumers,dsumersp2@nhs.uk,Audi,riolet,1998,37201057.04
904,Berkley,Mickleborough,bmickleboroughp3@mtv.com,Mercury,Grand Marquis,2001,4182377.05
905,Quint,Gurley,qgurleyp4@prnewswire.com,Dodge,Grand Caravan,2005,43571785.02
906,Oliver,Mazzilli,omazzillip5@chicagotribune.com,Suzuki,Esteem,2002,66154334.85
907,Jazmin,Harcus,jharcusp6@symantec.com,Chevrolet,Camaro,1974,184511162.79
908,Darsie,Diwell,ddiwellp7@irs.gov,Dodge,Charger,2010,197707957.31
909,Tucker,Phillcock,tphillcockp8@pcworld.com,Audi,Cabriolet,1995,36694464.8
910,Nero,Minihan,nminihanp9@nymag.com,Toyota,Avalon,2006,193177454.46
911,Hillard,Coil,hcoilpa@homestead.com,Saab,9000,1990,188341942.01
912,Caitlin,Goldis,cgoldispb@icio.us,Acura,NSX,1993,70135924.48
913,Ewan,Cade,ecadepc@symantec.com,Subaru,XT,1986,159295767.14
914,Amara,Biddwell,abiddwellpd@360.cn,Ford,Thunderbird,1993,22098546.99
915,Aryn,Vint,avintpe@chron.com,Mercury,Sable,1989,75737365.12
916,Farlie,Barensen,fbarensenpf@webs.com,Citroen,Escalade ESV,2003,166286429.04
917,Parry,Kelleher,pkelleherpg@mlb.com,Lexus,SC,2002,91128332.37
918,Edvard,Pencost,epencostph@smh.com.au,Lexus,ES,1992,186713510.18
919,Stephana,Duran,sduranpi@meetup.com,Buick,Electra,1984,17612121.43
920,Kelley,Spandley,kspandleypj@nifty.com,Audi,S8,2008,74882623.28
921,Antoinette,Oaten,aoatenpk@rambler.ru,BMW,7 Series,2012,48953267.62
922,Sophronia,Trounce,strouncepl@wufoo.com,Infiniti,G,2008,94400080.36
923,Ganny,Laing,glaingpm@timesonline.co.uk,Mercedes-Benz,Sprinter,2010,117942111.54
924,Allis,Chuck,achuckpn@aol.com,Subaru,Leone,1987,31291088.34
925,Bibby,Colnett,bcolnettpo@dedecms.com,Audi,A3,2006,87141077.78
926,Northrop,McIlheran,nmcilheranpp@ucsd.edu,Chrysler,300,2007,92400742.52
927,Jacquelynn,Lashbrook,jlashbrookpq@photobucket.com,GMC,Yukon,2007,189332986.56
928,Barry,Bediss,bbedisspr@exblog.jp,Volkswagen,Jetta,1984,77865437.46
929,Cammy,Wharf,cwharfps@opensource.org,Volkswagen,GTI,2004,149995288.26
930,Filbert,Demelt,fdemeltpt@example.com,Ford,Crown Victoria,1999,196122878.41
931,Joela,Sigmund,jsigmundpu@imdb.com,Dodge,Ram,1994,110457619.13
932,Myrilla,Aylwin,maylwinpv@live.com,Fiat,Nuova 500,2012,74215503.75
933,Berte,Avery,baverypw@reverbnation.com,BMW,X5 M,2013,135846824.47
934,Ddene,Chaffyn,dchaffynpx@oracle.com,Suzuki,Forenza,2004,197298546.15
935,Mikel,Rasp,mrasppy@goo.gl,BMW,X5 M,2013,23924571.07
936,Drake,O' Molan,domolanpz@bizjournals.com,BMW,Z3,1998,43249850.04
937,Julio,Langton,jlangtonq0@skyrock.com,Peugeot,207,2007,132898194.74
938,Benetta,Smidmor,bsmidmorq1@deviantart.com,Porsche,Boxster,1997,14595190.15
939,Myrlene,Bertie,mbertieq2@intel.com,Subaru,Impreza,2010,33787283.18
940,Faydra,Bovis,fbovisq3@ucsd.edu,Spyker,C8,2006,194267232.28
941,Kimberlyn,Bourdice,kbourdiceq4@networkadvertising.org,Chevrolet,Silverado 1500,2007,154423868.61
942,Lenna,Polden,lpoldenq5@yellowbook.com,Ford,F150,2008,113387681.39
943,Christen,Aspland,casplandq6@nba.com,Porsche,Boxster,2008,189271625.84
944,Kaspar,Best,kbestq7@unc.edu,Volkswagen,Passat,2012,138022127.25
945,Ina,Bridgwood,ibridgwoodq8@hhs.gov,Chevrolet,Corvette,1986,62454799
946,Giacopo,Nelissen,gnelissenq9@mtv.com,Lexus,LS,1989,179174344.85
947,Amandie,Liversage,aliversageqa@themeforest.net,Ford,E-Series,2009,48492169.84
948,Sheffield,Craddock,scraddockqb@businessinsider.com,Studebaker,Avanti,1963,182828360.94
949,Gayleen,Schach,gschachqc@addthis.com,Jeep,Wrangler,2000,118384350.73
950,Elmo,Harsant,eharsantqd@biglobe.ne.jp,Mazda,Millenia,1999,88081914.72
951,Chandler,Swift,cswiftqe@amazonaws.com,BMW,5 Series,2008,12286291.19
952,Rorke,Chellam,rchellamqf@time.com,Volvo,V70,2001,195827841.17
953,Louisa,Belward,lbelwardqg@pbs.org,Nissan,300ZX,1995,137508204.5
954,Tilly,Fisher,tfisherqh@cornell.edu,Dodge,Ram 3500 Club,1997,184979260.71
955,Haroun,Poytres,hpoytresqi@elegantthemes.com,Volvo,V90,1998,162407693.24
956,Daven,Miere,dmiereqj@usnews.com,Chevrolet,TrailBlazer,2002,193853060.43
957,Richard,Haston,rhastonqk@ifeng.com,Pontiac,Aztek,2001,169974166.01
958,Lucie,McOrkil,lmcorkilql@acquirethisname.com,Pontiac,Firebird,1990,67955198.26
959,Oralee,Prudham,oprudhamqm@ca.gov,Porsche,911,2007,60121557.06
960,Arther,Barltrop,abarltropqn@clickbank.net,Pontiac,Grand Prix,1994,10589991.72
961,Holly,Poveleye,hpoveleyeqo@un.org,Jeep,Cherokee,1992,4904718
962,Cherilynn,Sibery,csiberyqp@ehow.com,Chevrolet,Cavalier,2005,83353044.96
963,Geno,Berzin,gberzinqq@example.com,Mitsubishi,Lancer,2001,107732792.32
964,Jennie,Leavy,jleavyqr@ning.com,Hyundai,Tiburon,1999,166267767.15
965,Gabriella,Ralling,grallingqs@telegraph.co.uk,Volvo,XC90,2009,89123069.81
966,Di,Coplestone,dcoplestoneqt@cbslocal.com,Ford,Escort,1994,117848846.34
967,Nisse,Rown,nrownqu@ycombinator.com,Toyota,Yaris,2009,49487237.38
968,Theda,Burleigh,tburleighqv@ezinearticles.com,Mazda,MX-5,2006,149552769.66
969,Syman,Liquorish,sliquorishqw@about.me,Dodge,Ram 1500 Club,1999,124703595.2
970,Bonnee,Michelet,bmicheletqx@google.com,Land Rover,Range Rover,1999,26376920.59
971,Adi,Sallarie,asallarieqy@qq.com,Land Rover,Defender 90,1995,158726215.65
972,Angy,Gallyhaock,agallyhaockqz@google.cn,Volkswagen,Corrado,1994,78134887.28
973,Augustin,Cleverly,acleverlyr0@last.fm,Dodge,Ram 3500,2000,42636903.55
974,Anne-marie,Durak,adurakr1@washington.edu,Volvo,S80,2012,8943735
975,Jermaine,Simonyi,jsimonyir2@yale.edu,Mercedes-Benz,CLS-Class,2009,10826553.7
976,Corilla,Sivess,csivessr3@blinklist.com,BMW,M,2002,22431195.91
977,Deva,Bourdon,dbourdonr4@cnet.com,Dodge,Avenger,1995,37966146.06
978,Danya,Kingsbury,dkingsburyr5@studiopress.com,Lincoln,MKZ,2011,5477883.88
979,Gray,Pennazzi,gpennazzir6@nasa.gov,Pontiac,Firebird,1998,44042252.36
980,Nobie,Welbelove,nwelbelover7@g.co,Dodge,Ram 2500,2003,9683972
981,Lora,Saenz,lsaenzr8@twitter.com,Toyota,RAV4,2005,16157481.79
982,Christiano,Brandi,cbrandir9@yahoo.co.jp,Hyundai,Elantra,1998,173966413.86
983,Jacinthe,Spuffard,jspuffardra@businessinsider.com,GMC,Rally Wagon 3500,1993,199322465.35
984,Shelly,Kemston,skemstonrb@dmoz.org,Jeep,Cherokee,1993,148561739.8
985,Rachele,Jannings,rjanningsrc@goo.ne.jp,Buick,Electra,1986,60315021.22
986,Jodi,Tregonna,jtregonnard@pagesperso-orange.fr,Hyundai,Entourage,2008,165746078.06
987,Farah,Engelbrecht,fengelbrechtre@a8.net,Mazda,Tribute,2003,3875188
988,Theo,Minto,tmintorf@newyorker.com,Lincoln,Blackwood,2003,3917764.33
989,Enriqueta,Detoile,edetoilerg@deviantart.com,Nissan,350Z,2005,31568286.78
990,Rutledge,Cross,rcrossrh@ucla.edu,Honda,Pilot,2004,21812029.15
991,Rance,Tanswill,rtanswillri@chronoengine.com,Nissan,Xterra,2000,62025071.7
992,Glenine,Ilewicz,gilewiczrj@nationalgeographic.com,Lexus,SC,1997,156891742.07
993,Christophorus,Cusack,ccusackrk@4shared.com,Isuzu,Trooper,2000,36811101.18
994,Lora,Barenskie,lbarenskierl@blogtalkradio.com,Volvo,V70,1999,88403249.97
995,Tillie,Mitchelmore,tmitchelmorerm@wordpress.org,Ford,F450,2008,28971974.55
996,Elene,Northage,enorthagern@clickbank.net,Ford,Expedition,2003,38180696.58
997,Rosemarie,Bainton,rbaintonro@unesco.org,Dodge,Durango,2005,141795035.14
998,Charlotte,Benaine,cbenainerp@telegraph.co.uk,Mitsubishi,Raider,2008,34698726.34
999,Shaine,Wasteney,swasteneyrq@globo.com,Toyota,4Runner,2003,143093780.6
1000,Pierrette,Paoletto,ppaolettorr@guardian.co.uk,Ford,Ranger,2011,8925433
1001,rikkur,pede,rikkur.pede@gmail.com,dodge,viper,2005,600
1002,marr,ddd,mar@gmail.com,pl,er,80024,100 000
1003,maritn,pee,ddd,mede,pd,8000,500
1004,idioot,loll,idioot.loll@gmail.com,citroen,c4,3000,500
1005,dd,hgh,dfrg,dty,yhrthgt,6000,300
1006,ff,uykuy,regeg,rgeegr,jtyj,6000,300
